country_code,country_name,indicator_code,indicator_name,year,value,ingested_at
CHL,Chile,BX.KLT.DINV.CD.WD,"Foreign direct investment, net inflows (BoP, current US$)",2000,4860015667.52,2026-06-08 04:52:51.224671
CHL,Chile,BX.KLT.DINV.CD.WD,"Foreign direct investment, net inflows (BoP, current US$)",2001,4199763048.85,2026-06-08 04:52:51.224671
CHL,Chile,BX.KLT.DINV.CD.WD,"Foreign direct investment, net inflows (BoP, current US$)",2002,2549923142.41108,2026-06-08 04:52:51.224671
CHL,Chile,BX.KLT.DINV.CD.WD,"Foreign direct investment, net inflows (BoP, current US$)",2003,3485728421.75027,2026-06-08 04:52:51.224671
CHL,Chile,BX.KLT.DINV.CD.WD,"Foreign direct investment, net inflows (BoP, current US$)",2004,4968731407.62404,2026-06-08 04:52:51.224671
CHL,Chile,BX.KLT.DINV.CD.WD,"Foreign direct investment, net inflows (BoP, current US$)",2005,5990831828.9531,2026-06-08 04:52:51.224671
CHL,Chile,BX.KLT.DINV.CD.WD,"Foreign direct investment, net inflows (BoP, current US$)",2006,4755333483.36661,2026-06-08 04:52:51.224671
CHL,Chile,BX.KLT.DINV.CD.WD,"Foreign direct investment, net inflows (BoP, current US$)",2007,10545224588.4776,2026-06-08 04:52:51.224671
CHL,Chile,BX.KLT.DINV.CD.WD,"Foreign direct investment, net inflows (BoP, current US$)",2008,18811777951.3688,2026-06-08 04:52:51.224671
CHL,Chile,BX.KLT.DINV.CD.WD,"Foreign direct investment, net inflows (BoP, current US$)",2009,12750321998.889,2026-06-08 04:52:51.224671
CHL,Chile,BX.KLT.DINV.CD.WD,"Foreign direct investment, net inflows (BoP, current US$)",2010,14849443157.0249,2026-06-08 04:52:51.224671
CHL,Chile,BX.KLT.DINV.CD.WD,"Foreign direct investment, net inflows (BoP, current US$)",2011,26369463388.8272,2026-06-08 04:52:51.224671
CHL,Chile,BX.KLT.DINV.CD.WD,"Foreign direct investment, net inflows (BoP, current US$)",2012,31801970676.0608,2026-06-08 04:52:51.224671
CHL,Chile,BX.KLT.DINV.CD.WD,"Foreign direct investment, net inflows (BoP, current US$)",2013,21120756844.018,2026-06-08 04:52:51.224671
CHL,Chile,BX.KLT.DINV.CD.WD,"Foreign direct investment, net inflows (BoP, current US$)",2014,25527831848.9546,2026-06-08 04:52:51.224671
CHL,Chile,BX.KLT.DINV.CD.WD,"Foreign direct investment, net inflows (BoP, current US$)",2015,17766285629.0926,2026-06-08 04:52:51.224671
CHL,Chile,BX.KLT.DINV.CD.WD,"Foreign direct investment, net inflows (BoP, current US$)",2016,11362832162.4891,2026-06-08 04:52:51.224671
CHL,Chile,BX.KLT.DINV.CD.WD,"Foreign direct investment, net inflows (BoP, current US$)",2017,5237183518.21249,2026-06-08 04:52:51.224671
CHL,Chile,BX.KLT.DINV.CD.WD,"Foreign direct investment, net inflows (BoP, current US$)",2018,7942631935.04913,2026-06-08 04:52:51.224671
CHL,Chile,BX.KLT.DINV.CD.WD,"Foreign direct investment, net inflows (BoP, current US$)",2019,13579090978.7595,2026-06-08 04:52:51.224671
CHL,Chile,BX.KLT.DINV.CD.WD,"Foreign direct investment, net inflows (BoP, current US$)",2020,11447397288.6176,2026-06-08 04:52:51.224671
CHL,Chile,BX.KLT.DINV.CD.WD,"Foreign direct investment, net inflows (BoP, current US$)",2021,15176902318.5544,2026-06-08 04:52:51.224671
CHL,Chile,BX.KLT.DINV.CD.WD,"Foreign direct investment, net inflows (BoP, current US$)",2022,18771990469.19,2026-06-08 04:52:51.224671
CHL,Chile,BX.KLT.DINV.CD.WD,"Foreign direct investment, net inflows (BoP, current US$)",2023,18377361861.8,2026-06-08 04:52:51.224671
CHL,Chile,FP.CPI.TOTL.ZG,"Inflation, consumer prices (annual %)",2000,3.84327295706565,2026-06-08 04:52:51.224671
CHL,Chile,FP.CPI.TOTL.ZG,"Inflation, consumer prices (annual %)",2001,3.56910053001466,2026-06-08 04:52:51.224671
CHL,Chile,FP.CPI.TOTL.ZG,"Inflation, consumer prices (annual %)",2002,2.48939816650705,2026-06-08 04:52:51.224671
CHL,Chile,FP.CPI.TOTL.ZG,"Inflation, consumer prices (annual %)",2003,2.8101787574361,2026-06-08 04:52:51.224671
CHL,Chile,FP.CPI.TOTL.ZG,"Inflation, consumer prices (annual %)",2004,1.05473871403516,2026-06-08 04:52:51.224671
CHL,Chile,FP.CPI.TOTL.ZG,"Inflation, consumer prices (annual %)",2005,3.05257621387849,2026-06-08 04:52:51.224671
CHL,Chile,FP.CPI.TOTL.ZG,"Inflation, consumer prices (annual %)",2006,3.39201733699405,2026-06-08 04:52:51.224671
CHL,Chile,FP.CPI.TOTL.ZG,"Inflation, consumer prices (annual %)",2007,4.40779938398044,2026-06-08 04:52:51.224671
CHL,Chile,FP.CPI.TOTL.ZG,"Inflation, consumer prices (annual %)",2008,8.71626873039607,2026-06-08 04:52:51.224671
CHL,Chile,FP.CPI.TOTL.ZG,"Inflation, consumer prices (annual %)",2009,0.353045178360936,2026-06-08 04:52:51.224671
CHL,Chile,FP.CPI.TOTL.ZG,"Inflation, consumer prices (annual %)",2010,1.4107110795432,2026-06-08 04:52:51.224671
CHL,Chile,FP.CPI.TOTL.ZG,"Inflation, consumer prices (annual %)",2011,3.34121694259302,2026-06-08 04:52:51.224671
CHL,Chile,FP.CPI.TOTL.ZG,"Inflation, consumer prices (annual %)",2012,3.00744840213047,2026-06-08 04:52:51.224671
CHL,Chile,FP.CPI.TOTL.ZG,"Inflation, consumer prices (annual %)",2013,1.7895555398459,2026-06-08 04:52:51.224671
CHL,Chile,FP.CPI.TOTL.ZG,"Inflation, consumer prices (annual %)",2014,4.71867527854671,2026-06-08 04:52:51.224671
CHL,Chile,FP.CPI.TOTL.ZG,"Inflation, consumer prices (annual %)",2015,4.34877353217044,2026-06-08 04:52:51.224671
CHL,Chile,FP.CPI.TOTL.ZG,"Inflation, consumer prices (annual %)",2016,3.78619355893118,2026-06-08 04:52:51.224671
CHL,Chile,FP.CPI.TOTL.ZG,"Inflation, consumer prices (annual %)",2017,2.18271846868519,2026-06-08 04:52:51.224671
CHL,Chile,FP.CPI.TOTL.ZG,"Inflation, consumer prices (annual %)",2018,2.43488981353057,2026-06-08 04:52:51.224671
CHL,Chile,FP.CPI.TOTL.ZG,"Inflation, consumer prices (annual %)",2019,2.55754475703326,2026-06-08 04:52:51.224671
CHL,Chile,FP.CPI.TOTL.ZG,"Inflation, consumer prices (annual %)",2020,3.04549084804326,2026-06-08 04:52:51.224671
CHL,Chile,FP.CPI.TOTL.ZG,"Inflation, consumer prices (annual %)",2021,4.52456838259143,2026-06-08 04:52:51.224671
CHL,Chile,FP.CPI.TOTL.ZG,"Inflation, consumer prices (annual %)",2022,11.6438667110559,2026-06-08 04:52:51.224671
CHL,Chile,FP.CPI.TOTL.ZG,"Inflation, consumer prices (annual %)",2023,7.58168251407962,2026-06-08 04:52:51.224671
CHL,Chile,FR.INR.LEND,Lending interest rate (%),2000,14.8433912347788,2026-06-08 04:52:51.224671
CHL,Chile,FR.INR.LEND,Lending interest rate (%),2001,11.8910098561076,2026-06-08 04:52:51.224671
CHL,Chile,FR.INR.LEND,Lending interest rate (%),2002,7.75807289652374,2026-06-08 04:52:51.224671
CHL,Chile,FR.INR.LEND,Lending interest rate (%),2003,6.17877873086097,2026-06-08 04:52:51.224671
CHL,Chile,FR.INR.LEND,Lending interest rate (%),2004,5.12700362788107,2026-06-08 04:52:51.224671
CHL,Chile,FR.INR.LEND,Lending interest rate (%),2005,6.67787900981345,2026-06-08 04:52:51.224671
CHL,Chile,FR.INR.LEND,Lending interest rate (%),2006,7.99948207856605,2026-06-08 04:52:51.224671
CHL,Chile,FR.INR.LEND,Lending interest rate (%),2007,8.67125848644778,2026-06-08 04:52:51.224671
CHL,Chile,FR.INR.LEND,Lending interest rate (%),2008,13.2617713664149,2026-06-08 04:52:51.224671
CHL,Chile,FR.INR.LEND,Lending interest rate (%),2009,7.25063476884462,2026-06-08 04:52:51.224671
CHL,Chile,FR.INR.LEND,Lending interest rate (%),2010,4.75482680518702,2026-06-08 04:52:51.224671
CHL,Chile,FR.INR.LEND,Lending interest rate (%),2011,9.03015252269429,2026-06-08 04:52:51.224671
CHL,Chile,FR.INR.LEND,Lending interest rate (%),2012,10.0572624433615,2026-06-08 04:52:51.224671
CHL,Chile,FR.INR.LEND,Lending interest rate (%),2013,9.261876781921,2026-06-08 04:52:51.224671
CHL,Chile,FR.INR.LEND,Lending interest rate (%),2014,8.09805824839011,2026-06-08 04:52:51.224671
CHL,Chile,FR.INR.LEND,Lending interest rate (%),2015,5.51492732291402,2026-06-08 04:52:51.224671
CHL,Chile,FR.INR.LEND,Lending interest rate (%),2016,5.58839657725206,2026-06-08 04:52:51.224671
CHL,Chile,FR.INR.LEND,Lending interest rate (%),2017,4.55285507889072,2026-06-08 04:52:51.224671
CHL,Chile,FR.INR.LEND,Lending interest rate (%),2018,4.1780192502556,2026-06-08 04:52:51.224671
CHL,Chile,GC.DOD.TOTL.GD.ZS,"Central government debt, total (% of GDP)",2000,13.1456400046218,2026-06-08 04:52:51.224671
CHL,Chile,NY.GDP.MKTP.CD,GDP (current US$),2000,78339750721.364,2026-06-08 04:52:51.224671
CHL,Chile,NY.GDP.MKTP.CD,GDP (current US$),2001,71574739561.4329,2026-06-08 04:52:51.224671
CHL,Chile,NY.GDP.MKTP.CD,GDP (current US$),2002,70264045939.2773,2026-06-08 04:52:51.224671
CHL,Chile,NY.GDP.MKTP.CD,GDP (current US$),2003,76492579644.0605,2026-06-08 04:52:51.224671
CHL,Chile,NY.GDP.MKTP.CD,GDP (current US$),2004,99075985773.6682,2026-06-08 04:52:51.224671
CHL,Chile,NY.GDP.MKTP.CD,GDP (current US$),2005,122294145163.192,2026-06-08 04:52:51.224671
CHL,Chile,NY.GDP.MKTP.CD,GDP (current US$),2006,153843518170.864,2026-06-08 04:52:51.224671
CHL,Chile,NY.GDP.MKTP.CD,GDP (current US$),2007,172491076033.863,2026-06-08 04:52:51.224671
CHL,Chile,NY.GDP.MKTP.CD,GDP (current US$),2008,179894594475.405,2026-06-08 04:52:51.224671
CHL,Chile,NY.GDP.MKTP.CD,GDP (current US$),2009,171777900623.892,2026-06-08 04:52:51.224671
CHL,Chile,NY.GDP.MKTP.CD,GDP (current US$),2010,217051209238.534,2026-06-08 04:52:51.224671
CHL,Chile,NY.GDP.MKTP.CD,GDP (current US$),2011,251382573893.87,2026-06-08 04:52:51.224671
CHL,Chile,NY.GDP.MKTP.CD,GDP (current US$),2012,267024782486.855,2026-06-08 04:52:51.224671
CHL,Chile,NY.GDP.MKTP.CD,GDP (current US$),2013,277395018842.417,2026-06-08 04:52:51.224671
CHL,Chile,NY.GDP.MKTP.CD,GDP (current US$),2014,259560978224.359,2026-06-08 04:52:51.224671
CHL,Chile,NY.GDP.MKTP.CD,GDP (current US$),2015,242450355830.884,2026-06-08 04:52:51.224671
CHL,Chile,NY.GDP.MKTP.CD,GDP (current US$),2016,249344863928.438,2026-06-08 04:52:51.224671
CHL,Chile,NY.GDP.MKTP.CD,GDP (current US$),2017,276154259981.097,2026-06-08 04:52:51.224671
CHL,Chile,NY.GDP.MKTP.CD,GDP (current US$),2018,295857562991.709,2026-06-08 04:52:51.224671
CHL,Chile,NY.GDP.MKTP.CD,GDP (current US$),2019,278285058719.466,2026-06-08 04:52:51.224671
CHL,Chile,NY.GDP.MKTP.CD,GDP (current US$),2020,254042159309.311,2026-06-08 04:52:51.224671
CHL,Chile,NY.GDP.MKTP.CD,GDP (current US$),2021,315325547162.072,2026-06-08 04:52:51.224671
CHL,Chile,NY.GDP.MKTP.CD,GDP (current US$),2022,301226575540.242,2026-06-08 04:52:51.224671
CHL,Chile,NY.GDP.MKTP.CD,GDP (current US$),2023,335518054097.637,2026-06-08 04:52:51.224671
CHL,Chile,NY.GDP.MKTP.KD.ZG,GDP growth (annual %),2000,4.9716214882971,2026-06-08 04:52:51.224671
CHL,Chile,NY.GDP.MKTP.KD.ZG,GDP growth (annual %),2001,3.15403492459967,2026-06-08 04:52:51.224671
CHL,Chile,NY.GDP.MKTP.KD.ZG,GDP growth (annual %),2002,3.20279913520113,2026-06-08 04:52:51.224671
CHL,Chile,NY.GDP.MKTP.KD.ZG,GDP growth (annual %),2003,4.72324526861041,2026-06-08 04:52:51.224671
CHL,Chile,NY.GDP.MKTP.KD.ZG,GDP growth (annual %),2004,6.67425416822923,2026-06-08 04:52:51.224671
CHL,Chile,NY.GDP.MKTP.KD.ZG,GDP growth (annual %),2005,5.83704571917758,2026-06-08 04:52:51.224671
CHL,Chile,NY.GDP.MKTP.KD.ZG,GDP growth (annual %),2006,6.04999082563968,2026-06-08 04:52:51.224671
CHL,Chile,NY.GDP.MKTP.KD.ZG,GDP growth (annual %),2007,5.16823098528431,2026-06-08 04:52:51.224671
CHL,Chile,NY.GDP.MKTP.KD.ZG,GDP growth (annual %),2008,3.78939280635238,2026-06-08 04:52:51.224671
CHL,Chile,NY.GDP.MKTP.KD.ZG,GDP growth (annual %),2009,-1.11803723642878,2026-06-08 04:52:51.224671
CHL,Chile,NY.GDP.MKTP.KD.ZG,GDP growth (annual %),2010,5.85165102224047,2026-06-08 04:52:51.224671
CHL,Chile,NY.GDP.MKTP.KD.ZG,GDP growth (annual %),2011,6.22389678509138,2026-06-08 04:52:51.224671
CHL,Chile,NY.GDP.MKTP.KD.ZG,GDP growth (annual %),2012,6.15534001855494,2026-06-08 04:52:51.224671
CHL,Chile,NY.GDP.MKTP.KD.ZG,GDP growth (annual %),2013,3.30850824710085,2026-06-08 04:52:51.224671
CHL,Chile,NY.GDP.MKTP.KD.ZG,GDP growth (annual %),2014,1.79264947139259,2026-06-08 04:52:51.224671
CHL,Chile,NY.GDP.MKTP.KD.ZG,GDP growth (annual %),2015,2.15194249981184,2026-06-08 04:52:51.224671
CHL,Chile,NY.GDP.MKTP.KD.ZG,GDP growth (annual %),2016,1.753038749071,2026-06-08 04:52:51.224671
CHL,Chile,NY.GDP.MKTP.KD.ZG,GDP growth (annual %),2017,1.35769537343957,2026-06-08 04:52:51.224671
CHL,Chile,NY.GDP.MKTP.KD.ZG,GDP growth (annual %),2018,3.99002947789977,2026-06-08 04:52:51.224671
CHL,Chile,NY.GDP.MKTP.KD.ZG,GDP growth (annual %),2019,0.634367533828438,2026-06-08 04:52:51.224671
CHL,Chile,NY.GDP.MKTP.KD.ZG,GDP growth (annual %),2020,-6.14347479224092,2026-06-08 04:52:51.224671
CHL,Chile,NY.GDP.MKTP.KD.ZG,GDP growth (annual %),2021,11.3149204879049,2026-06-08 04:52:51.224671
CHL,Chile,NY.GDP.MKTP.KD.ZG,GDP growth (annual %),2022,2.15399356192458,2026-06-08 04:52:51.224671
CHL,Chile,NY.GDP.MKTP.KD.ZG,GDP growth (annual %),2023,0.521367977246825,2026-06-08 04:52:51.224671
CHL,Chile,NY.GNP.PCAP.CD,"GNI per capita, Atlas method (current US$)",2000,5030.0,2026-06-08 04:52:51.224671
CHL,Chile,NY.GNP.PCAP.CD,"GNI per capita, Atlas method (current US$)",2001,4780.0,2026-06-08 04:52:51.224671
CHL,Chile,NY.GNP.PCAP.CD,"GNI per capita, Atlas method (current US$)",2002,4520.0,2026-06-08 04:52:51.224671
CHL,Chile,NY.GNP.PCAP.CD,"GNI per capita, Atlas method (current US$)",2003,4570.0,2026-06-08 04:52:51.224671
CHL,Chile,NY.GNP.PCAP.CD,"GNI per capita, Atlas method (current US$)",2004,5200.0,2026-06-08 04:52:51.224671
CHL,Chile,NY.GNP.PCAP.CD,"GNI per capita, Atlas method (current US$)",2005,6200.0,2026-06-08 04:52:51.224671
CHL,Chile,NY.GNP.PCAP.CD,"GNI per capita, Atlas method (current US$)",2006,7350.0,2026-06-08 04:52:51.224671
CHL,Chile,NY.GNP.PCAP.CD,"GNI per capita, Atlas method (current US$)",2007,8700.0,2026-06-08 04:52:51.224671
CHL,Chile,NY.GNP.PCAP.CD,"GNI per capita, Atlas method (current US$)",2008,9950.0,2026-06-08 04:52:51.224671
CHL,Chile,NY.GNP.PCAP.CD,"GNI per capita, Atlas method (current US$)",2009,9880.0,2026-06-08 04:52:51.224671
CHL,Chile,NY.GNP.PCAP.CD,"GNI per capita, Atlas method (current US$)",2010,10720.0,2026-06-08 04:52:51.224671
CHL,Chile,NY.GNP.PCAP.CD,"GNI per capita, Atlas method (current US$)",2011,11860.0,2026-06-08 04:52:51.224671
CHL,Chile,NY.GNP.PCAP.CD,"GNI per capita, Atlas method (current US$)",2012,14170.0,2026-06-08 04:52:51.224671
CHL,Chile,NY.GNP.PCAP.CD,"GNI per capita, Atlas method (current US$)",2013,15080.0,2026-06-08 04:52:51.224671
CHL,Chile,NY.GNP.PCAP.CD,"GNI per capita, Atlas method (current US$)",2014,14690.0,2026-06-08 04:52:51.224671
CHL,Chile,NY.GNP.PCAP.CD,"GNI per capita, Atlas method (current US$)",2015,14080.0,2026-06-08 04:52:51.224671
CHL,Chile,NY.GNP.PCAP.CD,"GNI per capita, Atlas method (current US$)",2016,13310.0,2026-06-08 04:52:51.224671
CHL,Chile,NY.GNP.PCAP.CD,"GNI per capita, Atlas method (current US$)",2017,13200.0,2026-06-08 04:52:51.224671
CHL,Chile,NY.GNP.PCAP.CD,"GNI per capita, Atlas method (current US$)",2018,14460.0,2026-06-08 04:52:51.224671
CHL,Chile,NY.GNP.PCAP.CD,"GNI per capita, Atlas method (current US$)",2019,14690.0,2026-06-08 04:52:51.224671
CHL,Chile,NY.GNP.PCAP.CD,"GNI per capita, Atlas method (current US$)",2020,12960.0,2026-06-08 04:52:51.224671
CHL,Chile,NY.GNP.PCAP.CD,"GNI per capita, Atlas method (current US$)",2021,14790.0,2026-06-08 04:52:51.224671
CHL,Chile,NY.GNP.PCAP.CD,"GNI per capita, Atlas method (current US$)",2022,15440.0,2026-06-08 04:52:51.224671
CHL,Chile,NY.GNP.PCAP.CD,"GNI per capita, Atlas method (current US$)",2023,15950.0,2026-06-08 04:52:51.224671
CHL,Chile,SL.UEM.TOTL.ZS,"Unemployment, total (% of total labor force) (modeled ILO estimate)",2000,10.491,2026-06-08 04:52:51.224671
CHL,Chile,SL.UEM.TOTL.ZS,"Unemployment, total (% of total labor force) (modeled ILO estimate)",2001,10.39,2026-06-08 04:52:51.224671
CHL,Chile,SL.UEM.TOTL.ZS,"Unemployment, total (% of total labor force) (modeled ILO estimate)",2002,10.168,2026-06-08 04:52:51.224671
CHL,Chile,SL.UEM.TOTL.ZS,"Unemployment, total (% of total labor force) (modeled ILO estimate)",2003,9.765,2026-06-08 04:52:51.224671
CHL,Chile,SL.UEM.TOTL.ZS,"Unemployment, total (% of total labor force) (modeled ILO estimate)",2004,10.162,2026-06-08 04:52:51.224671
CHL,Chile,SL.UEM.TOTL.ZS,"Unemployment, total (% of total labor force) (modeled ILO estimate)",2005,9.34,2026-06-08 04:52:51.224671
CHL,Chile,SL.UEM.TOTL.ZS,"Unemployment, total (% of total labor force) (modeled ILO estimate)",2006,9.024,2026-06-08 04:52:51.224671
CHL,Chile,SL.UEM.TOTL.ZS,"Unemployment, total (% of total labor force) (modeled ILO estimate)",2007,8.427,2026-06-08 04:52:51.224671
CHL,Chile,SL.UEM.TOTL.ZS,"Unemployment, total (% of total labor force) (modeled ILO estimate)",2008,9.285,2026-06-08 04:52:51.224671
CHL,Chile,SL.UEM.TOTL.ZS,"Unemployment, total (% of total labor force) (modeled ILO estimate)",2009,11.313,2026-06-08 04:52:51.224671
CHL,Chile,SL.UEM.TOTL.ZS,"Unemployment, total (% of total labor force) (modeled ILO estimate)",2010,8.547,2026-06-08 04:52:51.224671
CHL,Chile,SL.UEM.TOTL.ZS,"Unemployment, total (% of total labor force) (modeled ILO estimate)",2011,7.492,2026-06-08 04:52:51.224671
CHL,Chile,SL.UEM.TOTL.ZS,"Unemployment, total (% of total labor force) (modeled ILO estimate)",2012,6.79,2026-06-08 04:52:51.224671
CHL,Chile,SL.UEM.TOTL.ZS,"Unemployment, total (% of total labor force) (modeled ILO estimate)",2013,6.361,2026-06-08 04:52:51.224671
CHL,Chile,SL.UEM.TOTL.ZS,"Unemployment, total (% of total labor force) (modeled ILO estimate)",2014,6.761,2026-06-08 04:52:51.224671
CHL,Chile,SL.UEM.TOTL.ZS,"Unemployment, total (% of total labor force) (modeled ILO estimate)",2015,6.605,2026-06-08 04:52:51.224671
CHL,Chile,SL.UEM.TOTL.ZS,"Unemployment, total (% of total labor force) (modeled ILO estimate)",2016,6.926,2026-06-08 04:52:51.224671
CHL,Chile,SL.UEM.TOTL.ZS,"Unemployment, total (% of total labor force) (modeled ILO estimate)",2017,7.257,2026-06-08 04:52:51.224671
CHL,Chile,SL.UEM.TOTL.ZS,"Unemployment, total (% of total labor force) (modeled ILO estimate)",2018,7.623,2026-06-08 04:52:51.224671
CHL,Chile,SL.UEM.TOTL.ZS,"Unemployment, total (% of total labor force) (modeled ILO estimate)",2019,7.493,2026-06-08 04:52:51.224671
CHL,Chile,SL.UEM.TOTL.ZS,"Unemployment, total (% of total labor force) (modeled ILO estimate)",2020,10.934,2026-06-08 04:52:51.224671
CHL,Chile,SL.UEM.TOTL.ZS,"Unemployment, total (% of total labor force) (modeled ILO estimate)",2021,9.281,2026-06-08 04:52:51.224671
CHL,Chile,SL.UEM.TOTL.ZS,"Unemployment, total (% of total labor force) (modeled ILO estimate)",2022,8.249,2026-06-08 04:52:51.224671
CHL,Chile,SL.UEM.TOTL.ZS,"Unemployment, total (% of total labor force) (modeled ILO estimate)",2023,9.013,2026-06-08 04:52:51.224671
COL,Colombia,BX.KLT.DINV.CD.WD,"Foreign direct investment, net inflows (BoP, current US$)",2000,2436459923.42856,2026-06-08 04:52:51.224671
COL,Colombia,BX.KLT.DINV.CD.WD,"Foreign direct investment, net inflows (BoP, current US$)",2001,2541942612.20739,2026-06-08 04:52:51.224671
COL,Colombia,BX.KLT.DINV.CD.WD,"Foreign direct investment, net inflows (BoP, current US$)",2002,2133698124.14946,2026-06-08 04:52:51.224671
COL,Colombia,BX.KLT.DINV.CD.WD,"Foreign direct investment, net inflows (BoP, current US$)",2003,1720493455.49813,2026-06-08 04:52:51.224671
COL,Colombia,BX.KLT.DINV.CD.WD,"Foreign direct investment, net inflows (BoP, current US$)",2004,3115635873.52058,2026-06-08 04:52:51.224671
COL,Colombia,BX.KLT.DINV.CD.WD,"Foreign direct investment, net inflows (BoP, current US$)",2005,10235417315.1375,2026-06-08 04:52:51.224671
COL,Colombia,BX.KLT.DINV.CD.WD,"Foreign direct investment, net inflows (BoP, current US$)",2006,6750625311.15878,2026-06-08 04:52:51.224671
COL,Colombia,BX.KLT.DINV.CD.WD,"Foreign direct investment, net inflows (BoP, current US$)",2007,8885764397.56293,2026-06-08 04:52:51.224671
COL,Colombia,BX.KLT.DINV.CD.WD,"Foreign direct investment, net inflows (BoP, current US$)",2008,10564155795.9327,2026-06-08 04:52:51.224671
COL,Colombia,BX.KLT.DINV.CD.WD,"Foreign direct investment, net inflows (BoP, current US$)",2009,8034746177.08444,2026-06-08 04:52:51.224671
COL,Colombia,BX.KLT.DINV.CD.WD,"Foreign direct investment, net inflows (BoP, current US$)",2010,6429989612.99412,2026-06-08 04:52:51.224671
COL,Colombia,BX.KLT.DINV.CD.WD,"Foreign direct investment, net inflows (BoP, current US$)",2011,14647048638.4495,2026-06-08 04:52:51.224671
COL,Colombia,BX.KLT.DINV.CD.WD,"Foreign direct investment, net inflows (BoP, current US$)",2012,15039979138.8914,2026-06-08 04:52:51.224671
COL,Colombia,BX.KLT.DINV.CD.WD,"Foreign direct investment, net inflows (BoP, current US$)",2013,16210419015.9816,2026-06-08 04:52:51.224671
COL,Colombia,BX.KLT.DINV.CD.WD,"Foreign direct investment, net inflows (BoP, current US$)",2014,16168701714.7496,2026-06-08 04:52:51.224671
COL,Colombia,BX.KLT.DINV.CD.WD,"Foreign direct investment, net inflows (BoP, current US$)",2015,11620532645.7091,2026-06-08 04:52:51.224671
COL,Colombia,BX.KLT.DINV.CD.WD,"Foreign direct investment, net inflows (BoP, current US$)",2016,13857937720.8026,2026-06-08 04:52:51.224671
COL,Colombia,BX.KLT.DINV.CD.WD,"Foreign direct investment, net inflows (BoP, current US$)",2017,13700880445.1997,2026-06-08 04:52:51.224671
COL,Colombia,BX.KLT.DINV.CD.WD,"Foreign direct investment, net inflows (BoP, current US$)",2018,11298692773.8485,2026-06-08 04:52:51.224671
COL,Colombia,BX.KLT.DINV.CD.WD,"Foreign direct investment, net inflows (BoP, current US$)",2019,13989154028.3683,2026-06-08 04:52:51.224671
COL,Colombia,BX.KLT.DINV.CD.WD,"Foreign direct investment, net inflows (BoP, current US$)",2020,7458624984.21929,2026-06-08 04:52:51.224671
COL,Colombia,BX.KLT.DINV.CD.WD,"Foreign direct investment, net inflows (BoP, current US$)",2021,9561335276.67571,2026-06-08 04:52:51.224671
COL,Colombia,BX.KLT.DINV.CD.WD,"Foreign direct investment, net inflows (BoP, current US$)",2022,17182225497.9059,2026-06-08 04:52:51.224671
COL,Colombia,BX.KLT.DINV.CD.WD,"Foreign direct investment, net inflows (BoP, current US$)",2023,16793702728.5038,2026-06-08 04:52:51.224671
COL,Colombia,FP.CPI.TOTL.ZG,"Inflation, consumer prices (annual %)",2000,9.22534818585365,2026-06-08 04:52:51.224671
COL,Colombia,FP.CPI.TOTL.ZG,"Inflation, consumer prices (annual %)",2001,7.96556090304834,2026-06-08 04:52:51.224671
COL,Colombia,FP.CPI.TOTL.ZG,"Inflation, consumer prices (annual %)",2002,6.35150728778872,2026-06-08 04:52:51.224671
COL,Colombia,FP.CPI.TOTL.ZG,"Inflation, consumer prices (annual %)",2003,7.1297886294186,2026-06-08 04:52:51.224671
COL,Colombia,FP.CPI.TOTL.ZG,"Inflation, consumer prices (annual %)",2004,5.90402005546502,2026-06-08 04:52:51.224671
COL,Colombia,FP.CPI.TOTL.ZG,"Inflation, consumer prices (annual %)",2005,5.05101962689695,2026-06-08 04:52:51.224671
COL,Colombia,FP.CPI.TOTL.ZG,"Inflation, consumer prices (annual %)",2006,4.29342363628926,2026-06-08 04:52:51.224671
COL,Colombia,FP.CPI.TOTL.ZG,"Inflation, consumer prices (annual %)",2007,5.54438485815155,2026-06-08 04:52:51.224671
COL,Colombia,FP.CPI.TOTL.ZG,"Inflation, consumer prices (annual %)",2008,6.9968849555451,2026-06-08 04:52:51.224671
COL,Colombia,FP.CPI.TOTL.ZG,"Inflation, consumer prices (annual %)",2009,4.20251661216481,2026-06-08 04:52:51.224671
COL,Colombia,FP.CPI.TOTL.ZG,"Inflation, consumer prices (annual %)",2010,2.27200227892008,2026-06-08 04:52:51.224671
COL,Colombia,FP.CPI.TOTL.ZG,"Inflation, consumer prices (annual %)",2011,3.4150334477625,2026-06-08 04:52:51.224671
COL,Colombia,FP.CPI.TOTL.ZG,"Inflation, consumer prices (annual %)",2012,3.16930188840055,2026-06-08 04:52:51.224671
COL,Colombia,FP.CPI.TOTL.ZG,"Inflation, consumer prices (annual %)",2013,2.01699224310383,2026-06-08 04:52:51.224671
COL,Colombia,FP.CPI.TOTL.ZG,"Inflation, consumer prices (annual %)",2014,2.89883787761737,2026-06-08 04:52:51.224671
COL,Colombia,FP.CPI.TOTL.ZG,"Inflation, consumer prices (annual %)",2015,4.98983115849529,2026-06-08 04:52:51.224671
COL,Colombia,FP.CPI.TOTL.ZG,"Inflation, consumer prices (annual %)",2016,7.51346024627674,2026-06-08 04:52:51.224671
COL,Colombia,FP.CPI.TOTL.ZG,"Inflation, consumer prices (annual %)",2017,4.3143132569501,2026-06-08 04:52:51.224671
COL,Colombia,FP.CPI.TOTL.ZG,"Inflation, consumer prices (annual %)",2018,3.24056932930569,2026-06-08 04:52:51.224671
COL,Colombia,FP.CPI.TOTL.ZG,"Inflation, consumer prices (annual %)",2019,3.52301932741446,2026-06-08 04:52:51.224671
COL,Colombia,FP.CPI.TOTL.ZG,"Inflation, consumer prices (annual %)",2020,2.52663500084706,2026-06-08 04:52:51.224671
COL,Colombia,FP.CPI.TOTL.ZG,"Inflation, consumer prices (annual %)",2021,3.49505757399448,2026-06-08 04:52:51.224671
COL,Colombia,FP.CPI.TOTL.ZG,"Inflation, consumer prices (annual %)",2022,10.1772313546166,2026-06-08 04:52:51.224671
COL,Colombia,FP.CPI.TOTL.ZG,"Inflation, consumer prices (annual %)",2023,11.7359044948689,2026-06-08 04:52:51.224671
COL,Colombia,FR.INR.LEND,Lending interest rate (%),2000,18.7866666666666,2026-06-08 04:52:51.224671
COL,Colombia,FR.INR.LEND,Lending interest rate (%),2001,20.72,2026-06-08 04:52:51.224671
COL,Colombia,FR.INR.LEND,Lending interest rate (%),2002,16.3267983308287,2026-06-08 04:52:51.224671
COL,Colombia,FR.INR.LEND,Lending interest rate (%),2003,15.1871011450879,2026-06-08 04:52:51.224671
COL,Colombia,FR.INR.LEND,Lending interest rate (%),2004,15.0830567168883,2026-06-08 04:52:51.224671
COL,Colombia,FR.INR.LEND,Lending interest rate (%),2005,14.5608333333333,2026-06-08 04:52:51.224671
COL,Colombia,FR.INR.LEND,Lending interest rate (%),2006,12.893913084832,2026-06-08 04:52:51.224671
COL,Colombia,FR.INR.LEND,Lending interest rate (%),2007,15.3818501011015,2026-06-08 04:52:51.224671
COL,Colombia,FR.INR.LEND,Lending interest rate (%),2008,17.1756231436696,2026-06-08 04:52:51.224671
COL,Colombia,FR.INR.LEND,Lending interest rate (%),2009,13.0080746033841,2026-06-08 04:52:51.224671
COL,Colombia,FR.INR.LEND,Lending interest rate (%),2010,9.38148993683401,2026-06-08 04:52:51.224671
COL,Colombia,FR.INR.LEND,Lending interest rate (%),2011,11.2199184470583,2026-06-08 04:52:51.224671
COL,Colombia,FR.INR.LEND,Lending interest rate (%),2012,12.5850402049247,2026-06-08 04:52:51.224671
COL,Colombia,FR.INR.LEND,Lending interest rate (%),2013,10.9855861710036,2026-06-08 04:52:51.224671
COL,Colombia,FR.INR.LEND,Lending interest rate (%),2014,10.8673350376127,2026-06-08 04:52:51.224671
COL,Colombia,FR.INR.LEND,Lending interest rate (%),2015,11.4499872575296,2026-06-08 04:52:51.224671
COL,Colombia,FR.INR.LEND,Lending interest rate (%),2016,14.6454318106769,2026-06-08 04:52:51.224671
COL,Colombia,FR.INR.LEND,Lending interest rate (%),2017,13.6858303184817,2026-06-08 04:52:51.224671
COL,Colombia,FR.INR.LEND,Lending interest rate (%),2018,12.1148777449182,2026-06-08 04:52:51.224671
COL,Colombia,FR.INR.LEND,Lending interest rate (%),2019,11.7690653821826,2026-06-08 04:52:51.224671
COL,Colombia,FR.INR.LEND,Lending interest rate (%),2020,9.85052425129014,2026-06-08 04:52:51.224671
COL,Colombia,FR.INR.LEND,Lending interest rate (%),2021,9.33784840910009,2026-06-08 04:52:51.224671
COL,Colombia,FR.INR.LEND,Lending interest rate (%),2022,15.8075088706303,2026-06-08 04:52:51.224671
COL,Colombia,FR.INR.LEND,Lending interest rate (%),2023,21.0306368304862,2026-06-08 04:52:51.224671
COL,Colombia,GC.DOD.TOTL.GD.ZS,"Central government debt, total (% of GDP)",2000,17.7090216802298,2026-06-08 04:52:51.224671
COL,Colombia,GC.DOD.TOTL.GD.ZS,"Central government debt, total (% of GDP)",2003,52.535419533379,2026-06-08 04:52:51.224671
COL,Colombia,GC.DOD.TOTL.GD.ZS,"Central government debt, total (% of GDP)",2008,65.2450803056946,2026-06-08 04:52:51.224671
COL,Colombia,GC.DOD.TOTL.GD.ZS,"Central government debt, total (% of GDP)",2009,68.9990033374936,2026-06-08 04:52:51.224671
COL,Colombia,GC.DOD.TOTL.GD.ZS,"Central government debt, total (% of GDP)",2010,72.4526699261111,2026-06-08 04:52:51.224671
COL,Colombia,GC.DOD.TOTL.GD.ZS,"Central government debt, total (% of GDP)",2011,62.8601328222053,2026-06-08 04:52:51.224671
COL,Colombia,GC.DOD.TOTL.GD.ZS,"Central government debt, total (% of GDP)",2012,65.227695883164,2026-06-08 04:52:51.224671
COL,Colombia,GC.DOD.TOTL.GD.ZS,"Central government debt, total (% of GDP)",2013,67.1029119456429,2026-06-08 04:52:51.224671
COL,Colombia,GC.DOD.TOTL.GD.ZS,"Central government debt, total (% of GDP)",2014,47.9761695160459,2026-06-08 04:52:51.224671
COL,Colombia,GC.DOD.TOTL.GD.ZS,"Central government debt, total (% of GDP)",2015,53.2785874737167,2026-06-08 04:52:51.224671
COL,Colombia,GC.DOD.TOTL.GD.ZS,"Central government debt, total (% of GDP)",2016,66.9071609125065,2026-06-08 04:52:51.224671
COL,Colombia,GC.DOD.TOTL.GD.ZS,"Central government debt, total (% of GDP)",2017,66.7272478472146,2026-06-08 04:52:51.224671
COL,Colombia,GC.DOD.TOTL.GD.ZS,"Central government debt, total (% of GDP)",2018,71.6505702481056,2026-06-08 04:52:51.224671
COL,Colombia,GC.DOD.TOTL.GD.ZS,"Central government debt, total (% of GDP)",2019,72.7038785770822,2026-06-08 04:52:51.224671
COL,Colombia,GC.DOD.TOTL.GD.ZS,"Central government debt, total (% of GDP)",2020,91.1566069449736,2026-06-08 04:52:51.224671
COL,Colombia,GC.DOD.TOTL.GD.ZS,"Central government debt, total (% of GDP)",2021,80.4259616037106,2026-06-08 04:52:51.224671
COL,Colombia,GC.DOD.TOTL.GD.ZS,"Central government debt, total (% of GDP)",2022,70.2611599864283,2026-06-08 04:52:51.224671
COL,Colombia,GC.DOD.TOTL.GD.ZS,"Central government debt, total (% of GDP)",2023,71.3312731896082,2026-06-08 04:52:51.224671
COL,Colombia,NY.GDP.MKTP.CD,GDP (current US$),2000,99875074951.0278,2026-06-08 04:52:51.224671
COL,Colombia,NY.GDP.MKTP.CD,GDP (current US$),2001,98200641203.3892,2026-06-08 04:52:51.224671
COL,Colombia,NY.GDP.MKTP.CD,GDP (current US$),2002,97945812802.8882,2026-06-08 04:52:51.224671
COL,Colombia,NY.GDP.MKTP.CD,GDP (current US$),2003,94644969157.0987,2026-06-08 04:52:51.224671
COL,Colombia,NY.GDP.MKTP.CD,GDP (current US$),2004,117092416666.245,2026-06-08 04:52:51.224671
COL,Colombia,NY.GDP.MKTP.CD,GDP (current US$),2005,145600529605.803,2026-06-08 04:52:51.224671
COL,Colombia,NY.GDP.MKTP.CD,GDP (current US$),2006,161792958904.864,2026-06-08 04:52:51.224671
COL,Colombia,NY.GDP.MKTP.CD,GDP (current US$),2007,206229540926.312,2026-06-08 04:52:51.224671
COL,Colombia,NY.GDP.MKTP.CD,GDP (current US$),2008,242504150472.931,2026-06-08 04:52:51.224671
COL,Colombia,NY.GDP.MKTP.CD,GDP (current US$),2009,232468663109.595,2026-06-08 04:52:51.224671
COL,Colombia,NY.GDP.MKTP.CD,GDP (current US$),2010,286498534094.963,2026-06-08 04:52:51.224671
COL,Colombia,NY.GDP.MKTP.CD,GDP (current US$),2011,334966134804.887,2026-06-08 04:52:51.224671
COL,Colombia,NY.GDP.MKTP.CD,GDP (current US$),2012,370691143018.039,2026-06-08 04:52:51.224671
COL,Colombia,NY.GDP.MKTP.CD,GDP (current US$),2013,382093697077.685,2026-06-08 04:52:51.224671
COL,Colombia,NY.GDP.MKTP.CD,GDP (current US$),2014,381240864422.407,2026-06-08 04:52:51.224671
COL,Colombia,NY.GDP.MKTP.CD,GDP (current US$),2015,293492370193.166,2026-06-08 04:52:51.224671
COL,Colombia,NY.GDP.MKTP.CD,GDP (current US$),2016,282720100286.228,2026-06-08 04:52:51.224671
COL,Colombia,NY.GDP.MKTP.CD,GDP (current US$),2017,311866875156.879,2026-06-08 04:52:51.224671
COL,Colombia,NY.GDP.MKTP.CD,GDP (current US$),2018,334198218098.276,2026-06-08 04:52:51.224671
COL,Colombia,NY.GDP.MKTP.CD,GDP (current US$),2019,323031701192.84,2026-06-08 04:52:51.224671
COL,Colombia,NY.GDP.MKTP.CD,GDP (current US$),2020,270348342541.465,2026-06-08 04:52:51.224671
COL,Colombia,NY.GDP.MKTP.CD,GDP (current US$),2021,318524633225.395,2026-06-08 04:52:51.224671
COL,Colombia,NY.GDP.MKTP.CD,GDP (current US$),2022,345632492851.448,2026-06-08 04:52:51.224671
COL,Colombia,NY.GDP.MKTP.CD,GDP (current US$),2023,366291836137.916,2026-06-08 04:52:51.224671
COL,Colombia,NY.GDP.MKTP.KD.ZG,GDP growth (annual %),2000,2.92486148176778,2026-06-08 04:52:51.224671
COL,Colombia,NY.GDP.MKTP.KD.ZG,GDP growth (annual %),2001,1.67789830787579,2026-06-08 04:52:51.224671
COL,Colombia,NY.GDP.MKTP.KD.ZG,GDP growth (annual %),2002,2.50398046659659,2026-06-08 04:52:51.224671
COL,Colombia,NY.GDP.MKTP.KD.ZG,GDP growth (annual %),2003,3.91827190322513,2026-06-08 04:52:51.224671
COL,Colombia,NY.GDP.MKTP.KD.ZG,GDP growth (annual %),2004,5.33302206759905,2026-06-08 04:52:51.224671
COL,Colombia,NY.GDP.MKTP.KD.ZG,GDP growth (annual %),2005,4.82876110773741,2026-06-08 04:52:51.224671
COL,Colombia,NY.GDP.MKTP.KD.ZG,GDP growth (annual %),2006,6.71686869844402,2026-06-08 04:52:51.224671
COL,Colombia,NY.GDP.MKTP.KD.ZG,GDP growth (annual %),2007,6.73819469090975,2026-06-08 04:52:51.224671
COL,Colombia,NY.GDP.MKTP.KD.ZG,GDP growth (annual %),2008,3.28344618616541,2026-06-08 04:52:51.224671
COL,Colombia,NY.GDP.MKTP.KD.ZG,GDP growth (annual %),2009,1.13964864548062,2026-06-08 04:52:51.224671
COL,Colombia,NY.GDP.MKTP.KD.ZG,GDP growth (annual %),2010,4.49465897070922,2026-06-08 04:52:51.224671
COL,Colombia,NY.GDP.MKTP.KD.ZG,GDP growth (annual %),2011,6.94789198173555,2026-06-08 04:52:51.224671
COL,Colombia,NY.GDP.MKTP.KD.ZG,GDP growth (annual %),2012,3.91263576716115,2026-06-08 04:52:51.224671
COL,Colombia,NY.GDP.MKTP.KD.ZG,GDP growth (annual %),2013,5.13399351995672,2026-06-08 04:52:51.224671
COL,Colombia,NY.GDP.MKTP.KD.ZG,GDP growth (annual %),2014,4.49903000110972,2026-06-08 04:52:51.224671
COL,Colombia,NY.GDP.MKTP.KD.ZG,GDP growth (annual %),2015,2.95590137527523,2026-06-08 04:52:51.224671
COL,Colombia,NY.GDP.MKTP.KD.ZG,GDP growth (annual %),2016,2.08738250162794,2026-06-08 04:52:51.224671
COL,Colombia,NY.GDP.MKTP.KD.ZG,GDP growth (annual %),2017,1.35936086788746,2026-06-08 04:52:51.224671
COL,Colombia,NY.GDP.MKTP.KD.ZG,GDP growth (annual %),2018,2.56432428277704,2026-06-08 04:52:51.224671
COL,Colombia,NY.GDP.MKTP.KD.ZG,GDP growth (annual %),2019,3.18685539245533,2026-06-08 04:52:51.224671
COL,Colombia,NY.GDP.MKTP.KD.ZG,GDP growth (annual %),2020,-7.18591413760859,2026-06-08 04:52:51.224671
COL,Colombia,NY.GDP.MKTP.KD.ZG,GDP growth (annual %),2021,10.8011981904878,2026-06-08 04:52:51.224671
COL,Colombia,NY.GDP.MKTP.KD.ZG,GDP growth (annual %),2022,7.32827729427979,2026-06-08 04:52:51.224671
COL,Colombia,NY.GDP.MKTP.KD.ZG,GDP growth (annual %),2023,0.712380031974334,2026-06-08 04:52:51.224671
COL,Colombia,NY.GNP.PCAP.CD,"GNI per capita, Atlas method (current US$)",2000,2370.0,2026-06-08 04:52:51.224671
COL,Colombia,NY.GNP.PCAP.CD,"GNI per capita, Atlas method (current US$)",2001,2360.0,2026-06-08 04:52:51.224671
COL,Colombia,NY.GNP.PCAP.CD,"GNI per capita, Atlas method (current US$)",2002,2410.0,2026-06-08 04:52:51.224671
COL,Colombia,NY.GNP.PCAP.CD,"GNI per capita, Atlas method (current US$)",2003,2410.0,2026-06-08 04:52:51.224671
COL,Colombia,NY.GNP.PCAP.CD,"GNI per capita, Atlas method (current US$)",2004,2650.0,2026-06-08 04:52:51.224671
COL,Colombia,NY.GNP.PCAP.CD,"GNI per capita, Atlas method (current US$)",2005,3030.0,2026-06-08 04:52:51.224671
COL,Colombia,NY.GNP.PCAP.CD,"GNI per capita, Atlas method (current US$)",2006,3540.0,2026-06-08 04:52:51.224671
COL,Colombia,NY.GNP.PCAP.CD,"GNI per capita, Atlas method (current US$)",2007,4170.0,2026-06-08 04:52:51.224671
COL,Colombia,NY.GNP.PCAP.CD,"GNI per capita, Atlas method (current US$)",2008,4770.0,2026-06-08 04:52:51.224671
COL,Colombia,NY.GNP.PCAP.CD,"GNI per capita, Atlas method (current US$)",2009,5200.0,2026-06-08 04:52:51.224671
COL,Colombia,NY.GNP.PCAP.CD,"GNI per capita, Atlas method (current US$)",2010,5690.0,2026-06-08 04:52:51.224671
COL,Colombia,NY.GNP.PCAP.CD,"GNI per capita, Atlas method (current US$)",2011,6370.0,2026-06-08 04:52:51.224671
COL,Colombia,NY.GNP.PCAP.CD,"GNI per capita, Atlas method (current US$)",2012,7340.0,2026-06-08 04:52:51.224671
COL,Colombia,NY.GNP.PCAP.CD,"GNI per capita, Atlas method (current US$)",2013,8010.0,2026-06-08 04:52:51.224671
COL,Colombia,NY.GNP.PCAP.CD,"GNI per capita, Atlas method (current US$)",2014,8280.0,2026-06-08 04:52:51.224671
COL,Colombia,NY.GNP.PCAP.CD,"GNI per capita, Atlas method (current US$)",2015,7420.0,2026-06-08 04:52:51.224671
COL,Colombia,NY.GNP.PCAP.CD,"GNI per capita, Atlas method (current US$)",2016,6560.0,2026-06-08 04:52:51.224671
COL,Colombia,NY.GNP.PCAP.CD,"GNI per capita, Atlas method (current US$)",2017,6030.0,2026-06-08 04:52:51.224671
COL,Colombia,NY.GNP.PCAP.CD,"GNI per capita, Atlas method (current US$)",2018,6350.0,2026-06-08 04:52:51.224671
COL,Colombia,NY.GNP.PCAP.CD,"GNI per capita, Atlas method (current US$)",2019,6630.0,2026-06-08 04:52:51.224671
COL,Colombia,NY.GNP.PCAP.CD,"GNI per capita, Atlas method (current US$)",2020,5850.0,2026-06-08 04:52:51.224671
COL,Colombia,NY.GNP.PCAP.CD,"GNI per capita, Atlas method (current US$)",2021,6310.0,2026-06-08 04:52:51.224671
COL,Colombia,NY.GNP.PCAP.CD,"GNI per capita, Atlas method (current US$)",2022,6560.0,2026-06-08 04:52:51.224671
COL,Colombia,NY.GNP.PCAP.CD,"GNI per capita, Atlas method (current US$)",2023,6720.0,2026-06-08 04:52:51.224671
COL,Colombia,SL.UEM.TOTL.ZS,"Unemployment, total (% of total labor force) (modeled ILO estimate)",2000,20.52,2026-06-08 04:52:51.224671
COL,Colombia,SL.UEM.TOTL.ZS,"Unemployment, total (% of total labor force) (modeled ILO estimate)",2001,15.04,2026-06-08 04:52:51.224671
COL,Colombia,SL.UEM.TOTL.ZS,"Unemployment, total (% of total labor force) (modeled ILO estimate)",2002,14.481,2026-06-08 04:52:51.224671
COL,Colombia,SL.UEM.TOTL.ZS,"Unemployment, total (% of total labor force) (modeled ILO estimate)",2003,13.221,2026-06-08 04:52:51.224671
COL,Colombia,SL.UEM.TOTL.ZS,"Unemployment, total (% of total labor force) (modeled ILO estimate)",2004,13.717,2026-06-08 04:52:51.224671
COL,Colombia,SL.UEM.TOTL.ZS,"Unemployment, total (% of total labor force) (modeled ILO estimate)",2005,11.062,2026-06-08 04:52:51.224671
COL,Colombia,SL.UEM.TOTL.ZS,"Unemployment, total (% of total labor force) (modeled ILO estimate)",2006,11.088,2026-06-08 04:52:51.224671
COL,Colombia,SL.UEM.TOTL.ZS,"Unemployment, total (% of total labor force) (modeled ILO estimate)",2007,11.204,2026-06-08 04:52:51.224671
COL,Colombia,SL.UEM.TOTL.ZS,"Unemployment, total (% of total labor force) (modeled ILO estimate)",2008,11.273,2026-06-08 04:52:51.224671
COL,Colombia,SL.UEM.TOTL.ZS,"Unemployment, total (% of total labor force) (modeled ILO estimate)",2009,12.066,2026-06-08 04:52:51.224671
COL,Colombia,SL.UEM.TOTL.ZS,"Unemployment, total (% of total labor force) (modeled ILO estimate)",2010,11.153,2026-06-08 04:52:51.224671
COL,Colombia,SL.UEM.TOTL.ZS,"Unemployment, total (% of total labor force) (modeled ILO estimate)",2011,10.288,2026-06-08 04:52:51.224671
COL,Colombia,SL.UEM.TOTL.ZS,"Unemployment, total (% of total labor force) (modeled ILO estimate)",2012,9.959,2026-06-08 04:52:51.224671
COL,Colombia,SL.UEM.TOTL.ZS,"Unemployment, total (% of total labor force) (modeled ILO estimate)",2013,9.246,2026-06-08 04:52:51.224671
COL,Colombia,SL.UEM.TOTL.ZS,"Unemployment, total (% of total labor force) (modeled ILO estimate)",2014,8.799,2026-06-08 04:52:51.224671
COL,Colombia,SL.UEM.TOTL.ZS,"Unemployment, total (% of total labor force) (modeled ILO estimate)",2015,8.572,2026-06-08 04:52:51.224671
COL,Colombia,SL.UEM.TOTL.ZS,"Unemployment, total (% of total labor force) (modeled ILO estimate)",2016,8.922,2026-06-08 04:52:51.224671
COL,Colombia,SL.UEM.TOTL.ZS,"Unemployment, total (% of total labor force) (modeled ILO estimate)",2017,9.086,2026-06-08 04:52:51.224671
COL,Colombia,SL.UEM.TOTL.ZS,"Unemployment, total (% of total labor force) (modeled ILO estimate)",2018,9.36,2026-06-08 04:52:51.224671
COL,Colombia,SL.UEM.TOTL.ZS,"Unemployment, total (% of total labor force) (modeled ILO estimate)",2019,10.28,2026-06-08 04:52:51.224671
COL,Colombia,SL.UEM.TOTL.ZS,"Unemployment, total (% of total labor force) (modeled ILO estimate)",2020,15.983,2026-06-08 04:52:51.224671
COL,Colombia,SL.UEM.TOTL.ZS,"Unemployment, total (% of total labor force) (modeled ILO estimate)",2021,13.898,2026-06-08 04:52:51.224671
COL,Colombia,SL.UEM.TOTL.ZS,"Unemployment, total (% of total labor force) (modeled ILO estimate)",2022,10.541,2026-06-08 04:52:51.224671
COL,Colombia,SL.UEM.TOTL.ZS,"Unemployment, total (% of total labor force) (modeled ILO estimate)",2023,9.591,2026-06-08 04:52:51.224671
MEX,Mexico,BX.KLT.DINV.CD.WD,"Foreign direct investment, net inflows (BoP, current US$)",2000,18382284821.0,2026-06-08 04:52:51.224671
MEX,Mexico,BX.KLT.DINV.CD.WD,"Foreign direct investment, net inflows (BoP, current US$)",2001,30060020323.0,2026-06-08 04:52:51.224671
MEX,Mexico,BX.KLT.DINV.CD.WD,"Foreign direct investment, net inflows (BoP, current US$)",2002,20160111120.0,2026-06-08 04:52:51.224671
MEX,Mexico,BX.KLT.DINV.CD.WD,"Foreign direct investment, net inflows (BoP, current US$)",2003,18157929031.0,2026-06-08 04:52:51.224671
MEX,Mexico,BX.KLT.DINV.CD.WD,"Foreign direct investment, net inflows (BoP, current US$)",2004,25142732841.0,2026-06-08 04:52:51.224671
MEX,Mexico,BX.KLT.DINV.CD.WD,"Foreign direct investment, net inflows (BoP, current US$)",2005,25161667683.0,2026-06-08 04:52:51.224671
MEX,Mexico,BX.KLT.DINV.CD.WD,"Foreign direct investment, net inflows (BoP, current US$)",2006,22128838519.0,2026-06-08 04:52:51.224671
MEX,Mexico,BX.KLT.DINV.CD.WD,"Foreign direct investment, net inflows (BoP, current US$)",2007,31020143997.0,2026-06-08 04:52:51.224671
MEX,Mexico,BX.KLT.DINV.CD.WD,"Foreign direct investment, net inflows (BoP, current US$)",2008,29771543941.0,2026-06-08 04:52:51.224671
MEX,Mexico,BX.KLT.DINV.CD.WD,"Foreign direct investment, net inflows (BoP, current US$)",2009,19652900330.0,2026-06-08 04:52:51.224671
MEX,Mexico,BX.KLT.DINV.CD.WD,"Foreign direct investment, net inflows (BoP, current US$)",2010,30534439564.0,2026-06-08 04:52:51.224671
MEX,Mexico,BX.KLT.DINV.CD.WD,"Foreign direct investment, net inflows (BoP, current US$)",2011,23894805893.0,2026-06-08 04:52:51.224671
MEX,Mexico,BX.KLT.DINV.CD.WD,"Foreign direct investment, net inflows (BoP, current US$)",2012,18231597858.0,2026-06-08 04:52:51.224671
MEX,Mexico,BX.KLT.DINV.CD.WD,"Foreign direct investment, net inflows (BoP, current US$)",2013,50929783746.0,2026-06-08 04:52:51.224671
MEX,Mexico,BX.KLT.DINV.CD.WD,"Foreign direct investment, net inflows (BoP, current US$)",2014,28438489737.0,2026-06-08 04:52:51.224671
MEX,Mexico,BX.KLT.DINV.CD.WD,"Foreign direct investment, net inflows (BoP, current US$)",2015,36251271532.0,2026-06-08 04:52:51.224671
MEX,Mexico,BX.KLT.DINV.CD.WD,"Foreign direct investment, net inflows (BoP, current US$)",2016,38902371602.0,2026-06-08 04:52:51.224671
MEX,Mexico,BX.KLT.DINV.CD.WD,"Foreign direct investment, net inflows (BoP, current US$)",2017,33138670924.0,2026-06-08 04:52:51.224671
MEX,Mexico,BX.KLT.DINV.CD.WD,"Foreign direct investment, net inflows (BoP, current US$)",2018,37867130066.0,2026-06-08 04:52:51.224671
MEX,Mexico,BX.KLT.DINV.CD.WD,"Foreign direct investment, net inflows (BoP, current US$)",2019,29948988013.0,2026-06-08 04:52:51.224671
MEX,Mexico,BX.KLT.DINV.CD.WD,"Foreign direct investment, net inflows (BoP, current US$)",2020,31546860667.0,2026-06-08 04:52:51.224671
MEX,Mexico,BX.KLT.DINV.CD.WD,"Foreign direct investment, net inflows (BoP, current US$)",2021,35617195058.0,2026-06-08 04:52:51.224671
MEX,Mexico,BX.KLT.DINV.CD.WD,"Foreign direct investment, net inflows (BoP, current US$)",2022,39206366288.0,2026-06-08 04:52:51.224671
MEX,Mexico,BX.KLT.DINV.CD.WD,"Foreign direct investment, net inflows (BoP, current US$)",2023,30682691037.0,2026-06-08 04:52:51.224671
MEX,Mexico,FP.CPI.TOTL.ZG,"Inflation, consumer prices (annual %)",2000,9.49156149435403,2026-06-08 04:52:51.224671
MEX,Mexico,FP.CPI.TOTL.ZG,"Inflation, consumer prices (annual %)",2001,6.36773806235037,2026-06-08 04:52:51.224671
MEX,Mexico,FP.CPI.TOTL.ZG,"Inflation, consumer prices (annual %)",2002,5.03072733151295,2026-06-08 04:52:51.224671
MEX,Mexico,FP.CPI.TOTL.ZG,"Inflation, consumer prices (annual %)",2003,4.54690012118718,2026-06-08 04:52:51.224671
MEX,Mexico,FP.CPI.TOTL.ZG,"Inflation, consumer prices (annual %)",2004,4.68840884843143,2026-06-08 04:52:51.224671
MEX,Mexico,FP.CPI.TOTL.ZG,"Inflation, consumer prices (annual %)",2005,3.98805714597437,2026-06-08 04:52:51.224671
MEX,Mexico,FP.CPI.TOTL.ZG,"Inflation, consumer prices (annual %)",2006,3.62946762439132,2026-06-08 04:52:51.224671
MEX,Mexico,FP.CPI.TOTL.ZG,"Inflation, consumer prices (annual %)",2007,3.96684905458235,2026-06-08 04:52:51.224671
MEX,Mexico,FP.CPI.TOTL.ZG,"Inflation, consumer prices (annual %)",2008,5.12498274575896,2026-06-08 04:52:51.224671
MEX,Mexico,FP.CPI.TOTL.ZG,"Inflation, consumer prices (annual %)",2009,5.29735584228856,2026-06-08 04:52:51.224671
MEX,Mexico,FP.CPI.TOTL.ZG,"Inflation, consumer prices (annual %)",2010,4.15672722680174,2026-06-08 04:52:51.224671
MEX,Mexico,FP.CPI.TOTL.ZG,"Inflation, consumer prices (annual %)",2011,3.40737824605742,2026-06-08 04:52:51.224671
MEX,Mexico,FP.CPI.TOTL.ZG,"Inflation, consumer prices (annual %)",2012,4.11150981070289,2026-06-08 04:52:51.224671
MEX,Mexico,FP.CPI.TOTL.ZG,"Inflation, consumer prices (annual %)",2013,3.80639069747204,2026-06-08 04:52:51.224671
MEX,Mexico,FP.CPI.TOTL.ZG,"Inflation, consumer prices (annual %)",2014,4.01861608078679,2026-06-08 04:52:51.224671
MEX,Mexico,FP.CPI.TOTL.ZG,"Inflation, consumer prices (annual %)",2015,2.72064064964023,2026-06-08 04:52:51.224671
MEX,Mexico,FP.CPI.TOTL.ZG,"Inflation, consumer prices (annual %)",2016,2.8217078474766,2026-06-08 04:52:51.224671
MEX,Mexico,FP.CPI.TOTL.ZG,"Inflation, consumer prices (annual %)",2017,6.04145724018986,2026-06-08 04:52:51.224671
MEX,Mexico,FP.CPI.TOTL.ZG,"Inflation, consumer prices (annual %)",2018,4.89935015356551,2026-06-08 04:52:51.224671
MEX,Mexico,FP.CPI.TOTL.ZG,"Inflation, consumer prices (annual %)",2019,3.63596142127046,2026-06-08 04:52:51.224671
MEX,Mexico,FP.CPI.TOTL.ZG,"Inflation, consumer prices (annual %)",2020,3.39683415570006,2026-06-08 04:52:51.224671
MEX,Mexico,FP.CPI.TOTL.ZG,"Inflation, consumer prices (annual %)",2021,5.68920847683753,2026-06-08 04:52:51.224671
MEX,Mexico,FP.CPI.TOTL.ZG,"Inflation, consumer prices (annual %)",2022,7.8962761916855,2026-06-08 04:52:51.224671
MEX,Mexico,FP.CPI.TOTL.ZG,"Inflation, consumer prices (annual %)",2023,5.52796087314389,2026-06-08 04:52:51.224671
MEX,Mexico,FR.INR.LEND,Lending interest rate (%),2000,16.9283333333333,2026-06-08 04:52:51.224671
MEX,Mexico,FR.INR.LEND,Lending interest rate (%),2001,12.795,2026-06-08 04:52:51.224671
MEX,Mexico,FR.INR.LEND,Lending interest rate (%),2002,8.21083333333333,2026-06-08 04:52:51.224671
MEX,Mexico,FR.INR.LEND,Lending interest rate (%),2003,7.0225,2026-06-08 04:52:51.224671
MEX,Mexico,FR.INR.LEND,Lending interest rate (%),2004,7.43833333333333,2026-06-08 04:52:51.224671
MEX,Mexico,FR.INR.LEND,Lending interest rate (%),2005,9.695,2026-06-08 04:52:51.224671
MEX,Mexico,FR.INR.LEND,Lending interest rate (%),2006,7.51183478062322,2026-06-08 04:52:51.224671
MEX,Mexico,FR.INR.LEND,Lending interest rate (%),2007,7.56083333333333,2026-06-08 04:52:51.224671
MEX,Mexico,FR.INR.LEND,Lending interest rate (%),2008,8.70576785663225,2026-06-08 04:52:51.224671
MEX,Mexico,FR.INR.LEND,Lending interest rate (%),2009,7.065,2026-06-08 04:52:51.224671
MEX,Mexico,FR.INR.LEND,Lending interest rate (%),2010,5.28083333333333,2026-06-08 04:52:51.224671
MEX,Mexico,FR.INR.LEND,Lending interest rate (%),2011,4.91083333333333,2026-06-08 04:52:51.224671
MEX,Mexico,FR.INR.LEND,Lending interest rate (%),2012,4.68083333333333,2026-06-08 04:52:51.224671
MEX,Mexico,FR.INR.LEND,Lending interest rate (%),2013,4.27083333333333,2026-06-08 04:52:51.224671
MEX,Mexico,FR.INR.LEND,Lending interest rate (%),2014,3.55166666666667,2026-06-08 04:52:51.224671
MEX,Mexico,FR.INR.LEND,Lending interest rate (%),2015,3.43916666666667,2026-06-08 04:52:51.224671
MEX,Mexico,FR.INR.LEND,Lending interest rate (%),2016,4.75416666666667,2026-06-08 04:52:51.224671
MEX,Mexico,FR.INR.LEND,Lending interest rate (%),2017,7.3325,2026-06-08 04:52:51.224671
MEX,Mexico,FR.INR.LEND,Lending interest rate (%),2018,8.04,2026-06-08 04:52:51.224671
MEX,Mexico,FR.INR.LEND,Lending interest rate (%),2019,8.42916666666667,2026-06-08 04:52:51.224671
MEX,Mexico,FR.INR.LEND,Lending interest rate (%),2020,6.34166666666667,2026-06-08 04:52:51.224671
MEX,Mexico,FR.INR.LEND,Lending interest rate (%),2021,4.89166666666667,2026-06-08 04:52:51.224671
MEX,Mexico,FR.INR.LEND,Lending interest rate (%),2022,8.17916666666667,2026-06-08 04:52:51.224671
MEX,Mexico,FR.INR.LEND,Lending interest rate (%),2023,11.5916666666667,2026-06-08 04:52:51.224671
MEX,Mexico,GC.DOD.TOTL.GD.ZS,"Central government debt, total (% of GDP)",2000,18.1918633340197,2026-06-08 04:52:51.224671
MEX,Mexico,GC.DOD.TOTL.GD.ZS,"Central government debt, total (% of GDP)",2019,41.3273940627237,2026-06-08 04:52:51.224671
MEX,Mexico,GC.DOD.TOTL.GD.ZS,"Central government debt, total (% of GDP)",2020,45.8373464150183,2026-06-08 04:52:51.224671
MEX,Mexico,GC.DOD.TOTL.GD.ZS,"Central government debt, total (% of GDP)",2021,44.8609558065004,2026-06-08 04:52:51.224671
MEX,Mexico,GC.DOD.TOTL.GD.ZS,"Central government debt, total (% of GDP)",2022,43.9694401566719,2026-06-08 04:52:51.224671
MEX,Mexico,GC.DOD.TOTL.GD.ZS,"Central government debt, total (% of GDP)",2023,45.055380246523,2026-06-08 04:52:51.224671
MEX,Mexico,NY.GDP.MKTP.CD,GDP (current US$),2000,742061329749.127,2026-06-08 04:52:51.224671
MEX,Mexico,NY.GDP.MKTP.CD,GDP (current US$),2001,796064590549.136,2026-06-08 04:52:51.224671
MEX,Mexico,NY.GDP.MKTP.CD,GDP (current US$),2002,810666116401.915,2026-06-08 04:52:51.224671
MEX,Mexico,NY.GDP.MKTP.CD,GDP (current US$),2003,765549967703.273,2026-06-08 04:52:51.224671
MEX,Mexico,NY.GDP.MKTP.CD,GDP (current US$),2004,819459227375.022,2026-06-08 04:52:51.224671
MEX,Mexico,NY.GDP.MKTP.CD,GDP (current US$),2005,917571853529.104,2026-06-08 04:52:51.224671
MEX,Mexico,NY.GDP.MKTP.CD,GDP (current US$),2006,1020265057882.01,2026-06-08 04:52:51.224671
MEX,Mexico,NY.GDP.MKTP.CD,GDP (current US$),2007,1102355554971.95,2026-06-08 04:52:51.224671
MEX,Mexico,NY.GDP.MKTP.CD,GDP (current US$),2008,1161553459715.1,2026-06-08 04:52:51.224671
MEX,Mexico,NY.GDP.MKTP.CD,GDP (current US$),2009,943437415024.633,2026-06-08 04:52:51.224671
MEX,Mexico,NY.GDP.MKTP.CD,GDP (current US$),2010,1105424238731.09,2026-06-08 04:52:51.224671
MEX,Mexico,NY.GDP.MKTP.CD,GDP (current US$),2011,1229013703416.76,2026-06-08 04:52:51.224671
MEX,Mexico,NY.GDP.MKTP.CD,GDP (current US$),2012,1255110424817.79,2026-06-08 04:52:51.224671
MEX,Mexico,NY.GDP.MKTP.CD,GDP (current US$),2013,1327436290282.67,2026-06-08 04:52:51.224671
MEX,Mexico,NY.GDP.MKTP.CD,GDP (current US$),2014,1364507717614.13,2026-06-08 04:52:51.224671
MEX,Mexico,NY.GDP.MKTP.CD,GDP (current US$),2015,1213294467716.88,2026-06-08 04:52:51.224671
MEX,Mexico,NY.GDP.MKTP.CD,GDP (current US$),2016,1112233497452.7,2026-06-08 04:52:51.224671
MEX,Mexico,NY.GDP.MKTP.CD,GDP (current US$),2017,1190721475906.0,2026-06-08 04:52:51.224671
MEX,Mexico,NY.GDP.MKTP.CD,GDP (current US$),2018,1256300182879.73,2026-06-08 04:52:51.224671
MEX,Mexico,NY.GDP.MKTP.CD,GDP (current US$),2019,1304106203902.45,2026-06-08 04:52:51.224671
MEX,Mexico,NY.GDP.MKTP.CD,GDP (current US$),2020,1121064767308.42,2026-06-08 04:52:51.224671
MEX,Mexico,NY.GDP.MKTP.CD,GDP (current US$),2021,1316569466685.95,2026-06-08 04:52:51.224671
MEX,Mexico,NY.GDP.MKTP.CD,GDP (current US$),2022,1466934724293.06,2026-06-08 04:52:51.224671
MEX,Mexico,NY.GDP.MKTP.CD,GDP (current US$),2023,1798317581486.88,2026-06-08 04:52:51.224671
MEX,Mexico,NY.GDP.MKTP.KD.ZG,GDP growth (annual %),2000,5.02928399378261,2026-06-08 04:52:51.224671
MEX,Mexico,NY.GDP.MKTP.KD.ZG,GDP growth (annual %),2001,-0.450845253215945,2026-06-08 04:52:51.224671
MEX,Mexico,NY.GDP.MKTP.KD.ZG,GDP growth (annual %),2002,-0.236588001922641,2026-06-08 04:52:51.224671
MEX,Mexico,NY.GDP.MKTP.KD.ZG,GDP growth (annual %),2003,1.18554486709559,2026-06-08 04:52:51.224671
MEX,Mexico,NY.GDP.MKTP.KD.ZG,GDP growth (annual %),2004,3.56544100946846,2026-06-08 04:52:51.224671
MEX,Mexico,NY.GDP.MKTP.KD.ZG,GDP growth (annual %),2005,2.11324712586392,2026-06-08 04:52:51.224671
MEX,Mexico,NY.GDP.MKTP.KD.ZG,GDP growth (annual %),2006,4.80501352746852,2026-06-08 04:52:51.224671
MEX,Mexico,NY.GDP.MKTP.KD.ZG,GDP growth (annual %),2007,2.07786393438754,2026-06-08 04:52:51.224671
MEX,Mexico,NY.GDP.MKTP.KD.ZG,GDP growth (annual %),2008,0.943331863036903,2026-06-08 04:52:51.224671
MEX,Mexico,NY.GDP.MKTP.KD.ZG,GDP growth (annual %),2009,-6.29525055780502,2026-06-08 04:52:51.224671
MEX,Mexico,NY.GDP.MKTP.KD.ZG,GDP growth (annual %),2010,4.9713345832195,2026-06-08 04:52:51.224671
MEX,Mexico,NY.GDP.MKTP.KD.ZG,GDP growth (annual %),2011,3.44404505794418,2026-06-08 04:52:51.224671
MEX,Mexico,NY.GDP.MKTP.KD.ZG,GDP growth (annual %),2012,3.55321075993527,2026-06-08 04:52:51.224671
MEX,Mexico,NY.GDP.MKTP.KD.ZG,GDP growth (annual %),2013,0.852101559410627,2026-06-08 04:52:51.224671
MEX,Mexico,NY.GDP.MKTP.KD.ZG,GDP growth (annual %),2014,2.50376350288664,2026-06-08 04:52:51.224671
MEX,Mexico,NY.GDP.MKTP.KD.ZG,GDP growth (annual %),2015,2.70232342550646,2026-06-08 04:52:51.224671
MEX,Mexico,NY.GDP.MKTP.KD.ZG,GDP growth (annual %),2016,1.77249323845399,2026-06-08 04:52:51.224671
MEX,Mexico,NY.GDP.MKTP.KD.ZG,GDP growth (annual %),2017,1.87172853327193,2026-06-08 04:52:51.224671
MEX,Mexico,NY.GDP.MKTP.KD.ZG,GDP growth (annual %),2018,1.97208209405635,2026-06-08 04:52:51.224671
MEX,Mexico,NY.GDP.MKTP.KD.ZG,GDP growth (annual %),2019,-0.392690505066824,2026-06-08 04:52:51.224671
MEX,Mexico,NY.GDP.MKTP.KD.ZG,GDP growth (annual %),2020,-8.35403458167995,2026-06-08 04:52:51.224671
MEX,Mexico,NY.GDP.MKTP.KD.ZG,GDP growth (annual %),2021,6.0484834621255,2026-06-08 04:52:51.224671
MEX,Mexico,NY.GDP.MKTP.KD.ZG,GDP growth (annual %),2022,3.70975709163623,2026-06-08 04:52:51.224671
MEX,Mexico,NY.GDP.MKTP.KD.ZG,GDP growth (annual %),2023,3.35354140652768,2026-06-08 04:52:51.224671
MEX,Mexico,NY.GNP.PCAP.CD,"GNI per capita, Atlas method (current US$)",2000,6570.0,2026-06-08 04:52:51.224671
MEX,Mexico,NY.GNP.PCAP.CD,"GNI per capita, Atlas method (current US$)",2001,7100.0,2026-06-08 04:52:51.224671
MEX,Mexico,NY.GNP.PCAP.CD,"GNI per capita, Atlas method (current US$)",2002,7490.0,2026-06-08 04:52:51.224671
MEX,Mexico,NY.GNP.PCAP.CD,"GNI per capita, Atlas method (current US$)",2003,7780.0,2026-06-08 04:52:51.224671
MEX,Mexico,NY.GNP.PCAP.CD,"GNI per capita, Atlas method (current US$)",2004,8240.0,2026-06-08 04:52:51.224671
MEX,Mexico,NY.GNP.PCAP.CD,"GNI per capita, Atlas method (current US$)",2005,8490.0,2026-06-08 04:52:51.224671
MEX,Mexico,NY.GNP.PCAP.CD,"GNI per capita, Atlas method (current US$)",2006,9140.0,2026-06-08 04:52:51.224671
MEX,Mexico,NY.GNP.PCAP.CD,"GNI per capita, Atlas method (current US$)",2007,9720.0,2026-06-08 04:52:51.224671
MEX,Mexico,NY.GNP.PCAP.CD,"GNI per capita, Atlas method (current US$)",2008,10260.0,2026-06-08 04:52:51.224671
MEX,Mexico,NY.GNP.PCAP.CD,"GNI per capita, Atlas method (current US$)",2009,9230.0,2026-06-08 04:52:51.224671
MEX,Mexico,NY.GNP.PCAP.CD,"GNI per capita, Atlas method (current US$)",2010,9470.0,2026-06-08 04:52:51.224671
MEX,Mexico,NY.GNP.PCAP.CD,"GNI per capita, Atlas method (current US$)",2011,9760.0,2026-06-08 04:52:51.224671
MEX,Mexico,NY.GNP.PCAP.CD,"GNI per capita, Atlas method (current US$)",2012,10500.0,2026-06-08 04:52:51.224671
MEX,Mexico,NY.GNP.PCAP.CD,"GNI per capita, Atlas method (current US$)",2013,10710.0,2026-06-08 04:52:51.224671
MEX,Mexico,NY.GNP.PCAP.CD,"GNI per capita, Atlas method (current US$)",2014,10950.0,2026-06-08 04:52:51.224671
MEX,Mexico,NY.GNP.PCAP.CD,"GNI per capita, Atlas method (current US$)",2015,10580.0,2026-06-08 04:52:51.224671
MEX,Mexico,NY.GNP.PCAP.CD,"GNI per capita, Atlas method (current US$)",2016,9740.0,2026-06-08 04:52:51.224671
MEX,Mexico,NY.GNP.PCAP.CD,"GNI per capita, Atlas method (current US$)",2017,9270.0,2026-06-08 04:52:51.224671
MEX,Mexico,NY.GNP.PCAP.CD,"GNI per capita, Atlas method (current US$)",2018,9560.0,2026-06-08 04:52:51.224671
MEX,Mexico,NY.GNP.PCAP.CD,"GNI per capita, Atlas method (current US$)",2019,9860.0,2026-06-08 04:52:51.224671
MEX,Mexico,NY.GNP.PCAP.CD,"GNI per capita, Atlas method (current US$)",2020,8920.0,2026-06-08 04:52:51.224671
MEX,Mexico,NY.GNP.PCAP.CD,"GNI per capita, Atlas method (current US$)",2021,9880.0,2026-06-08 04:52:51.224671
MEX,Mexico,NY.GNP.PCAP.CD,"GNI per capita, Atlas method (current US$)",2022,10730.0,2026-06-08 04:52:51.224671
MEX,Mexico,NY.GNP.PCAP.CD,"GNI per capita, Atlas method (current US$)",2023,12020.0,2026-06-08 04:52:51.224671
MEX,Mexico,SL.UEM.TOTL.ZS,"Unemployment, total (% of total labor force) (modeled ILO estimate)",2000,2.646,2026-06-08 04:52:51.224671
MEX,Mexico,SL.UEM.TOTL.ZS,"Unemployment, total (% of total labor force) (modeled ILO estimate)",2001,2.627,2026-06-08 04:52:51.224671
MEX,Mexico,SL.UEM.TOTL.ZS,"Unemployment, total (% of total labor force) (modeled ILO estimate)",2002,3.003,2026-06-08 04:52:51.224671
MEX,Mexico,SL.UEM.TOTL.ZS,"Unemployment, total (% of total labor force) (modeled ILO estimate)",2003,3.455,2026-06-08 04:52:51.224671
MEX,Mexico,SL.UEM.TOTL.ZS,"Unemployment, total (% of total labor force) (modeled ILO estimate)",2004,3.937,2026-06-08 04:52:51.224671
MEX,Mexico,SL.UEM.TOTL.ZS,"Unemployment, total (% of total labor force) (modeled ILO estimate)",2005,3.558,2026-06-08 04:52:51.224671
MEX,Mexico,SL.UEM.TOTL.ZS,"Unemployment, total (% of total labor force) (modeled ILO estimate)",2006,3.566,2026-06-08 04:52:51.224671
MEX,Mexico,SL.UEM.TOTL.ZS,"Unemployment, total (% of total labor force) (modeled ILO estimate)",2007,3.628,2026-06-08 04:52:51.224671
MEX,Mexico,SL.UEM.TOTL.ZS,"Unemployment, total (% of total labor force) (modeled ILO estimate)",2008,3.874,2026-06-08 04:52:51.224671
MEX,Mexico,SL.UEM.TOTL.ZS,"Unemployment, total (% of total labor force) (modeled ILO estimate)",2009,5.356,2026-06-08 04:52:51.224671
MEX,Mexico,SL.UEM.TOTL.ZS,"Unemployment, total (% of total labor force) (modeled ILO estimate)",2010,5.303,2026-06-08 04:52:51.224671
MEX,Mexico,SL.UEM.TOTL.ZS,"Unemployment, total (% of total labor force) (modeled ILO estimate)",2011,5.175,2026-06-08 04:52:51.224671
MEX,Mexico,SL.UEM.TOTL.ZS,"Unemployment, total (% of total labor force) (modeled ILO estimate)",2012,4.892,2026-06-08 04:52:51.224671
MEX,Mexico,SL.UEM.TOTL.ZS,"Unemployment, total (% of total labor force) (modeled ILO estimate)",2013,4.921,2026-06-08 04:52:51.224671
MEX,Mexico,SL.UEM.TOTL.ZS,"Unemployment, total (% of total labor force) (modeled ILO estimate)",2014,4.819,2026-06-08 04:52:51.224671
MEX,Mexico,SL.UEM.TOTL.ZS,"Unemployment, total (% of total labor force) (modeled ILO estimate)",2015,4.311,2026-06-08 04:52:51.224671
MEX,Mexico,SL.UEM.TOTL.ZS,"Unemployment, total (% of total labor force) (modeled ILO estimate)",2016,3.853,2026-06-08 04:52:51.224671
MEX,Mexico,SL.UEM.TOTL.ZS,"Unemployment, total (% of total labor force) (modeled ILO estimate)",2017,3.419,2026-06-08 04:52:51.224671
MEX,Mexico,SL.UEM.TOTL.ZS,"Unemployment, total (% of total labor force) (modeled ILO estimate)",2018,3.275,2026-06-08 04:52:51.224671
MEX,Mexico,SL.UEM.TOTL.ZS,"Unemployment, total (% of total labor force) (modeled ILO estimate)",2019,3.477,2026-06-08 04:52:51.224671
MEX,Mexico,SL.UEM.TOTL.ZS,"Unemployment, total (% of total labor force) (modeled ILO estimate)",2020,4.44,2026-06-08 04:52:51.224671
MEX,Mexico,SL.UEM.TOTL.ZS,"Unemployment, total (% of total labor force) (modeled ILO estimate)",2021,4.019,2026-06-08 04:52:51.224671
MEX,Mexico,SL.UEM.TOTL.ZS,"Unemployment, total (% of total labor force) (modeled ILO estimate)",2022,3.256,2026-06-08 04:52:51.224671
MEX,Mexico,SL.UEM.TOTL.ZS,"Unemployment, total (% of total labor force) (modeled ILO estimate)",2023,2.765,2026-06-08 04:52:51.224671
PER,Peru,BX.KLT.DINV.CD.WD,"Foreign direct investment, net inflows (BoP, current US$)",2000,809696760.032968,2026-06-08 04:52:51.224671
PER,Peru,BX.KLT.DINV.CD.WD,"Foreign direct investment, net inflows (BoP, current US$)",2001,1144260000.0,2026-06-08 04:52:51.224671
PER,Peru,BX.KLT.DINV.CD.WD,"Foreign direct investment, net inflows (BoP, current US$)",2002,2155836814.73345,2026-06-08 04:52:51.224671
PER,Peru,BX.KLT.DINV.CD.WD,"Foreign direct investment, net inflows (BoP, current US$)",2003,1335007073.0402,2026-06-08 04:52:51.224671
PER,Peru,BX.KLT.DINV.CD.WD,"Foreign direct investment, net inflows (BoP, current US$)",2004,1599038388.965,2026-06-08 04:52:51.224671
PER,Peru,BX.KLT.DINV.CD.WD,"Foreign direct investment, net inflows (BoP, current US$)",2005,2578719365.11,2026-06-08 04:52:51.224671
PER,Peru,BX.KLT.DINV.CD.WD,"Foreign direct investment, net inflows (BoP, current US$)",2006,3466531061.27321,2026-06-08 04:52:51.224671
PER,Peru,BX.KLT.DINV.CD.WD,"Foreign direct investment, net inflows (BoP, current US$)",2007,5490961307.08951,2026-06-08 04:52:51.224671
PER,Peru,BX.KLT.DINV.CD.WD,"Foreign direct investment, net inflows (BoP, current US$)",2008,6923651284.62578,2026-06-08 04:52:51.224671
PER,Peru,BX.KLT.DINV.CD.WD,"Foreign direct investment, net inflows (BoP, current US$)",2009,6430652960.91184,2026-06-08 04:52:51.224671
PER,Peru,BX.KLT.DINV.CD.WD,"Foreign direct investment, net inflows (BoP, current US$)",2010,8454627587.91059,2026-06-08 04:52:51.224671
PER,Peru,BX.KLT.DINV.CD.WD,"Foreign direct investment, net inflows (BoP, current US$)",2011,7682261108.57854,2026-06-08 04:52:51.224671
PER,Peru,BX.KLT.DINV.CD.WD,"Foreign direct investment, net inflows (BoP, current US$)",2012,14182387604.3103,2026-06-08 04:52:51.224671
PER,Peru,BX.KLT.DINV.CD.WD,"Foreign direct investment, net inflows (BoP, current US$)",2013,9570622714.00791,2026-06-08 04:52:51.224671
PER,Peru,BX.KLT.DINV.CD.WD,"Foreign direct investment, net inflows (BoP, current US$)",2014,4262751633.55747,2026-06-08 04:52:51.224671
PER,Peru,BX.KLT.DINV.CD.WD,"Foreign direct investment, net inflows (BoP, current US$)",2015,7336859044.51778,2026-06-08 04:52:51.224671
PER,Peru,BX.KLT.DINV.CD.WD,"Foreign direct investment, net inflows (BoP, current US$)",2016,6805247718.18016,2026-06-08 04:52:51.224671
PER,Peru,BX.KLT.DINV.CD.WD,"Foreign direct investment, net inflows (BoP, current US$)",2017,7413409959.49823,2026-06-08 04:52:51.224671
PER,Peru,BX.KLT.DINV.CD.WD,"Foreign direct investment, net inflows (BoP, current US$)",2018,5872657139.17008,2026-06-08 04:52:51.224671
PER,Peru,BX.KLT.DINV.CD.WD,"Foreign direct investment, net inflows (BoP, current US$)",2019,4775376809.84597,2026-06-08 04:52:51.224671
PER,Peru,BX.KLT.DINV.CD.WD,"Foreign direct investment, net inflows (BoP, current US$)",2020,663417504.946494,2026-06-08 04:52:51.224671
PER,Peru,BX.KLT.DINV.CD.WD,"Foreign direct investment, net inflows (BoP, current US$)",2021,7142277305.62546,2026-06-08 04:52:51.224671
PER,Peru,BX.KLT.DINV.CD.WD,"Foreign direct investment, net inflows (BoP, current US$)",2022,11201435821.3347,2026-06-08 04:52:51.224671
PER,Peru,BX.KLT.DINV.CD.WD,"Foreign direct investment, net inflows (BoP, current US$)",2023,4339006806.56427,2026-06-08 04:52:51.224671
PER,Peru,FP.CPI.TOTL.ZG,"Inflation, consumer prices (annual %)",2000,3.75733833344474,2026-06-08 04:52:51.224671
PER,Peru,FP.CPI.TOTL.ZG,"Inflation, consumer prices (annual %)",2001,1.97709878502053,2026-06-08 04:52:51.224671
PER,Peru,FP.CPI.TOTL.ZG,"Inflation, consumer prices (annual %)",2002,0.193135003853722,2026-06-08 04:52:51.224671
PER,Peru,FP.CPI.TOTL.ZG,"Inflation, consumer prices (annual %)",2003,2.25937753363072,2026-06-08 04:52:51.224671
PER,Peru,FP.CPI.TOTL.ZG,"Inflation, consumer prices (annual %)",2004,3.66247320092233,2026-06-08 04:52:51.224671
PER,Peru,FP.CPI.TOTL.ZG,"Inflation, consumer prices (annual %)",2005,1.61630193862544,2026-06-08 04:52:51.224671
PER,Peru,FP.CPI.TOTL.ZG,"Inflation, consumer prices (annual %)",2006,2.00225801248819,2026-06-08 04:52:51.224671
PER,Peru,FP.CPI.TOTL.ZG,"Inflation, consumer prices (annual %)",2007,1.77998644680372,2026-06-08 04:52:51.224671
PER,Peru,FP.CPI.TOTL.ZG,"Inflation, consumer prices (annual %)",2008,5.78587598206755,2026-06-08 04:52:51.224671
PER,Peru,FP.CPI.TOTL.ZG,"Inflation, consumer prices (annual %)",2009,2.936231535967,2026-06-08 04:52:51.224671
PER,Peru,FP.CPI.TOTL.ZG,"Inflation, consumer prices (annual %)",2010,1.52832059732901,2026-06-08 04:52:51.224671
PER,Peru,FP.CPI.TOTL.ZG,"Inflation, consumer prices (annual %)",2011,3.36931095333853,2026-06-08 04:52:51.224671
PER,Peru,FP.CPI.TOTL.ZG,"Inflation, consumer prices (annual %)",2012,3.61121294940163,2026-06-08 04:52:51.224671
PER,Peru,FP.CPI.TOTL.ZG,"Inflation, consumer prices (annual %)",2013,2.76789666082002,2026-06-08 04:52:51.224671
PER,Peru,FP.CPI.TOTL.ZG,"Inflation, consumer prices (annual %)",2014,3.41194579807465,2026-06-08 04:52:51.224671
PER,Peru,FP.CPI.TOTL.ZG,"Inflation, consumer prices (annual %)",2015,3.39809194746308,2026-06-08 04:52:51.224671
PER,Peru,FP.CPI.TOTL.ZG,"Inflation, consumer prices (annual %)",2016,3.55717663556279,2026-06-08 04:52:51.224671
PER,Peru,FP.CPI.TOTL.ZG,"Inflation, consumer prices (annual %)",2017,2.99490045809443,2026-06-08 04:52:51.224671
PER,Peru,FP.CPI.TOTL.ZG,"Inflation, consumer prices (annual %)",2018,1.50915423024742,2026-06-08 04:52:51.224671
PER,Peru,FP.CPI.TOTL.ZG,"Inflation, consumer prices (annual %)",2019,2.25212191358027,2026-06-08 04:52:51.224671
PER,Peru,FP.CPI.TOTL.ZG,"Inflation, consumer prices (annual %)",2020,2.00241205759292,2026-06-08 04:52:51.224671
PER,Peru,FP.CPI.TOTL.ZG,"Inflation, consumer prices (annual %)",2021,4.27166381536798,2026-06-08 04:52:51.224671
PER,Peru,FP.CPI.TOTL.ZG,"Inflation, consumer prices (annual %)",2022,8.33370630096231,2026-06-08 04:52:51.224671
PER,Peru,FP.CPI.TOTL.ZG,"Inflation, consumer prices (annual %)",2023,6.45561348369586,2026-06-08 04:52:51.224671
PER,Peru,FR.INR.LEND,Lending interest rate (%),2000,29.9958333333333,2026-06-08 04:52:51.224671
PER,Peru,FR.INR.LEND,Lending interest rate (%),2001,24.9783333333333,2026-06-08 04:52:51.224671
PER,Peru,FR.INR.LEND,Lending interest rate (%),2002,20.7653572885806,2026-06-08 04:52:51.224671
PER,Peru,FR.INR.LEND,Lending interest rate (%),2003,21.0156649712755,2026-06-08 04:52:51.224671
PER,Peru,FR.INR.LEND,Lending interest rate (%),2004,24.6745640588226,2026-06-08 04:52:51.224671
PER,Peru,FR.INR.LEND,Lending interest rate (%),2005,25.5338357716344,2026-06-08 04:52:51.224671
PER,Peru,FR.INR.LEND,Lending interest rate (%),2006,23.9333333333333,2026-06-08 04:52:51.224671
PER,Peru,FR.INR.LEND,Lending interest rate (%),2007,22.8556480555556,2026-06-08 04:52:51.224671
PER,Peru,FR.INR.LEND,Lending interest rate (%),2008,23.6734449024808,2026-06-08 04:52:51.224671
PER,Peru,FR.INR.LEND,Lending interest rate (%),2009,21.0419233333333,2026-06-08 04:52:51.224671
PER,Peru,FR.INR.LEND,Lending interest rate (%),2010,18.9768683333333,2026-06-08 04:52:51.224671
PER,Peru,FR.INR.LEND,Lending interest rate (%),2011,18.677925,2026-06-08 04:52:51.224671
PER,Peru,FR.INR.LEND,Lending interest rate (%),2012,19.2369083333333,2026-06-08 04:52:51.224671
PER,Peru,FR.INR.LEND,Lending interest rate (%),2013,18.13925,2026-06-08 04:52:51.224671
PER,Peru,FR.INR.LEND,Lending interest rate (%),2014,15.7433166666667,2026-06-08 04:52:51.224671
PER,Peru,FR.INR.LEND,Lending interest rate (%),2015,16.1058277777778,2026-06-08 04:52:51.224671
PER,Peru,FR.INR.LEND,Lending interest rate (%),2016,16.4662,2026-06-08 04:52:51.224671
PER,Peru,FR.INR.LEND,Lending interest rate (%),2017,16.7874916666667,2026-06-08 04:52:51.224671
PER,Peru,FR.INR.LEND,Lending interest rate (%),2018,14.539125,2026-06-08 04:52:51.224671
PER,Peru,FR.INR.LEND,Lending interest rate (%),2019,14.38545,2026-06-08 04:52:51.224671
PER,Peru,FR.INR.LEND,Lending interest rate (%),2020,12.9383333333333,2026-06-08 04:52:51.224671
PER,Peru,FR.INR.LEND,Lending interest rate (%),2021,10.9795083333333,2026-06-08 04:52:51.224671
PER,Peru,FR.INR.LEND,Lending interest rate (%),2022,12.5972583333333,2026-06-08 04:52:51.224671
PER,Peru,GC.DOD.TOTL.GD.ZS,"Central government debt, total (% of GDP)",2006,32.5394575436311,2026-06-08 04:52:51.224671
PER,Peru,GC.DOD.TOTL.GD.ZS,"Central government debt, total (% of GDP)",2007,28.5288183926826,2026-06-08 04:52:51.224671
PER,Peru,GC.DOD.TOTL.GD.ZS,"Central government debt, total (% of GDP)",2008,26.076322347553,2026-06-08 04:52:51.224671
PER,Peru,GC.DOD.TOTL.GD.ZS,"Central government debt, total (% of GDP)",2009,26.4008658753596,2026-06-08 04:52:51.224671
PER,Peru,GC.DOD.TOTL.GD.ZS,"Central government debt, total (% of GDP)",2010,23.6817913396941,2026-06-08 04:52:51.224671
PER,Peru,GC.DOD.TOTL.GD.ZS,"Central government debt, total (% of GDP)",2011,20.7202165724133,2026-06-08 04:52:51.224671
PER,Peru,GC.DOD.TOTL.GD.ZS,"Central government debt, total (% of GDP)",2012,19.2166594587652,2026-06-08 04:52:51.224671
PER,Peru,GC.DOD.TOTL.GD.ZS,"Central government debt, total (% of GDP)",2013,18.3944203835345,2026-06-08 04:52:51.224671
PER,Peru,GC.DOD.TOTL.GD.ZS,"Central government debt, total (% of GDP)",2014,19.56538960172,2026-06-08 04:52:51.224671
PER,Peru,GC.DOD.TOTL.GD.ZS,"Central government debt, total (% of GDP)",2015,22.865554469277,2026-06-08 04:52:51.224671
PER,Peru,GC.DOD.TOTL.GD.ZS,"Central government debt, total (% of GDP)",2016,23.7062564342415,2026-06-08 04:52:51.224671
PER,Peru,GC.DOD.TOTL.GD.ZS,"Central government debt, total (% of GDP)",2017,24.7483395120072,2026-06-08 04:52:51.224671
PER,Peru,GC.DOD.TOTL.GD.ZS,"Central government debt, total (% of GDP)",2018,25.7290009576063,2026-06-08 04:52:51.224671
PER,Peru,GC.DOD.TOTL.GD.ZS,"Central government debt, total (% of GDP)",2019,26.5266050304096,2026-06-08 04:52:51.224671
PER,Peru,GC.DOD.TOTL.GD.ZS,"Central government debt, total (% of GDP)",2020,34.7649150438361,2026-06-08 04:52:51.224671
PER,Peru,GC.DOD.TOTL.GD.ZS,"Central government debt, total (% of GDP)",2021,35.2492265648321,2026-06-08 04:52:51.224671
PER,Peru,NY.GDP.MKTP.CD,GDP (current US$),2000,51744749133.213,2026-06-08 04:52:51.224671
PER,Peru,NY.GDP.MKTP.CD,GDP (current US$),2001,52030158775.4055,2026-06-08 04:52:51.224671
PER,Peru,NY.GDP.MKTP.CD,GDP (current US$),2002,54777553515.0809,2026-06-08 04:52:51.224671
PER,Peru,NY.GDP.MKTP.CD,GDP (current US$),2003,58731030121.8671,2026-06-08 04:52:51.224671
PER,Peru,NY.GDP.MKTP.CD,GDP (current US$),2004,66768703497.5687,2026-06-08 04:52:51.224671
PER,Peru,NY.GDP.MKTP.CD,GDP (current US$),2005,76060606060.6061,2026-06-08 04:52:51.224671
PER,Peru,NY.GDP.MKTP.CD,GDP (current US$),2006,88643193061.748,2026-06-08 04:52:51.224671
PER,Peru,NY.GDP.MKTP.CD,GDP (current US$),2007,102170981144.136,2026-06-08 04:52:51.224671
PER,Peru,NY.GDP.MKTP.CD,GDP (current US$),2008,120550599815.441,2026-06-08 04:52:51.224671
PER,Peru,NY.GDP.MKTP.CD,GDP (current US$),2009,120822986521.479,2026-06-08 04:52:51.224671
PER,Peru,NY.GDP.MKTP.CD,GDP (current US$),2010,147527631520.729,2026-06-08 04:52:51.224671
PER,Peru,NY.GDP.MKTP.CD,GDP (current US$),2011,171761737046.585,2026-06-08 04:52:51.224671
PER,Peru,NY.GDP.MKTP.CD,GDP (current US$),2012,192650021648.583,2026-06-08 04:52:51.224671
PER,Peru,NY.GDP.MKTP.CD,GDP (current US$),2013,201175543571.392,2026-06-08 04:52:51.224671
PER,Peru,NY.GDP.MKTP.CD,GDP (current US$),2014,200786250582.943,2026-06-08 04:52:51.224671
PER,Peru,NY.GDP.MKTP.CD,GDP (current US$),2015,189802976285.619,2026-06-08 04:52:51.224671
PER,Peru,NY.GDP.MKTP.CD,GDP (current US$),2016,191898104390.379,2026-06-08 04:52:51.224671
PER,Peru,NY.GDP.MKTP.CD,GDP (current US$),2017,211007984080.911,2026-06-08 04:52:51.224671
PER,Peru,NY.GDP.MKTP.CD,GDP (current US$),2018,222597009739.235,2026-06-08 04:52:51.224671
PER,Peru,NY.GDP.MKTP.CD,GDP (current US$),2019,228346006003.648,2026-06-08 04:52:51.224671
PER,Peru,NY.GDP.MKTP.CD,GDP (current US$),2020,201409694755.934,2026-06-08 04:52:51.224671
PER,Peru,NY.GDP.MKTP.CD,GDP (current US$),2021,226328766459.634,2026-06-08 04:52:51.224671
PER,Peru,NY.GDP.MKTP.CD,GDP (current US$),2022,246065570308.155,2026-06-08 04:52:51.224671
PER,Peru,NY.GDP.MKTP.CD,GDP (current US$),2023,266958720837.988,2026-06-08 04:52:51.224671
PER,Peru,NY.GDP.MKTP.KD.ZG,GDP growth (annual %),2000,2.69437139806912,2026-06-08 04:52:51.224671
PER,Peru,NY.GDP.MKTP.KD.ZG,GDP growth (annual %),2001,0.617892325624297,2026-06-08 04:52:51.224671
PER,Peru,NY.GDP.MKTP.KD.ZG,GDP growth (annual %),2002,5.45352893818767,2026-06-08 04:52:51.224671
PER,Peru,NY.GDP.MKTP.KD.ZG,GDP growth (annual %),2003,4.16502313666112,2026-06-08 04:52:51.224671
PER,Peru,NY.GDP.MKTP.KD.ZG,GDP growth (annual %),2004,4.95820320611745,2026-06-08 04:52:51.224671
PER,Peru,NY.GDP.MKTP.KD.ZG,GDP growth (annual %),2005,6.28506032509601,2026-06-08 04:52:51.224671
PER,Peru,NY.GDP.MKTP.KD.ZG,GDP growth (annual %),2006,7.5288990440594,2026-06-08 04:52:51.224671
PER,Peru,NY.GDP.MKTP.KD.ZG,GDP growth (annual %),2007,8.5183877690955,2026-06-08 04:52:51.224671
PER,Peru,NY.GDP.MKTP.KD.ZG,GDP growth (annual %),2008,9.1265683014642,2026-06-08 04:52:51.224671
PER,Peru,NY.GDP.MKTP.KD.ZG,GDP growth (annual %),2009,1.0958236592427,2026-06-08 04:52:51.224671
PER,Peru,NY.GDP.MKTP.KD.ZG,GDP growth (annual %),2010,8.33245910749577,2026-06-08 04:52:51.224671
PER,Peru,NY.GDP.MKTP.KD.ZG,GDP growth (annual %),2011,6.32719240161117,2026-06-08 04:52:51.224671
PER,Peru,NY.GDP.MKTP.KD.ZG,GDP growth (annual %),2012,6.13972470560435,2026-06-08 04:52:51.224671
PER,Peru,NY.GDP.MKTP.KD.ZG,GDP growth (annual %),2013,5.85251821084928,2026-06-08 04:52:51.224671
PER,Peru,NY.GDP.MKTP.KD.ZG,GDP growth (annual %),2014,2.38215737180541,2026-06-08 04:52:51.224671
PER,Peru,NY.GDP.MKTP.KD.ZG,GDP growth (annual %),2015,3.25224477218451,2026-06-08 04:52:51.224671
PER,Peru,NY.GDP.MKTP.KD.ZG,GDP growth (annual %),2016,3.95331871520767,2026-06-08 04:52:51.224671
PER,Peru,NY.GDP.MKTP.KD.ZG,GDP growth (annual %),2017,2.51883544233135,2026-06-08 04:52:51.224671
PER,Peru,NY.GDP.MKTP.KD.ZG,GDP growth (annual %),2018,3.969351341365,2026-06-08 04:52:51.224671
PER,Peru,NY.GDP.MKTP.KD.ZG,GDP growth (annual %),2019,2.24063176875049,2026-06-08 04:52:51.224671
PER,Peru,NY.GDP.MKTP.KD.ZG,GDP growth (annual %),2020,-10.9333065010382,2026-06-08 04:52:51.224671
PER,Peru,NY.GDP.MKTP.KD.ZG,GDP growth (annual %),2021,13.3626240903125,2026-06-08 04:52:51.224671
PER,Peru,NY.GDP.MKTP.KD.ZG,GDP growth (annual %),2022,2.8090335533015,2026-06-08 04:52:51.224671
PER,Peru,NY.GDP.MKTP.KD.ZG,GDP growth (annual %),2023,-0.403242151494268,2026-06-08 04:52:51.224671
PER,Peru,NY.GNP.PCAP.CD,"GNI per capita, Atlas method (current US$)",2000,1960.0,2026-06-08 04:52:51.224671
PER,Peru,NY.GNP.PCAP.CD,"GNI per capita, Atlas method (current US$)",2001,1890.0,2026-06-08 04:52:51.224671
PER,Peru,NY.GNP.PCAP.CD,"GNI per capita, Atlas method (current US$)",2002,1940.0,2026-06-08 04:52:51.224671
PER,Peru,NY.GNP.PCAP.CD,"GNI per capita, Atlas method (current US$)",2003,2060.0,2026-06-08 04:52:51.224671
PER,Peru,NY.GNP.PCAP.CD,"GNI per capita, Atlas method (current US$)",2004,2270.0,2026-06-08 04:52:51.224671
PER,Peru,NY.GNP.PCAP.CD,"GNI per capita, Atlas method (current US$)",2005,2520.0,2026-06-08 04:52:51.224671
PER,Peru,NY.GNP.PCAP.CD,"GNI per capita, Atlas method (current US$)",2006,2790.0,2026-06-08 04:52:51.224671
PER,Peru,NY.GNP.PCAP.CD,"GNI per capita, Atlas method (current US$)",2007,3190.0,2026-06-08 04:52:51.224671
PER,Peru,NY.GNP.PCAP.CD,"GNI per capita, Atlas method (current US$)",2008,3770.0,2026-06-08 04:52:51.224671
PER,Peru,NY.GNP.PCAP.CD,"GNI per capita, Atlas method (current US$)",2009,3950.0,2026-06-08 04:52:51.224671
PER,Peru,NY.GNP.PCAP.CD,"GNI per capita, Atlas method (current US$)",2010,4400.0,2026-06-08 04:52:51.224671
PER,Peru,NY.GNP.PCAP.CD,"GNI per capita, Atlas method (current US$)",2011,4960.0,2026-06-08 04:52:51.224671
PER,Peru,NY.GNP.PCAP.CD,"GNI per capita, Atlas method (current US$)",2012,5780.0,2026-06-08 04:52:51.224671
PER,Peru,NY.GNP.PCAP.CD,"GNI per capita, Atlas method (current US$)",2013,6410.0,2026-06-08 04:52:51.224671
PER,Peru,NY.GNP.PCAP.CD,"GNI per capita, Atlas method (current US$)",2014,6520.0,2026-06-08 04:52:51.224671
PER,Peru,NY.GNP.PCAP.CD,"GNI per capita, Atlas method (current US$)",2015,6340.0,2026-06-08 04:52:51.224671
PER,Peru,NY.GNP.PCAP.CD,"GNI per capita, Atlas method (current US$)",2016,6130.0,2026-06-08 04:52:51.224671
PER,Peru,NY.GNP.PCAP.CD,"GNI per capita, Atlas method (current US$)",2017,6090.0,2026-06-08 04:52:51.224671
PER,Peru,NY.GNP.PCAP.CD,"GNI per capita, Atlas method (current US$)",2018,6500.0,2026-06-08 04:52:51.224671
PER,Peru,NY.GNP.PCAP.CD,"GNI per capita, Atlas method (current US$)",2019,6850.0,2026-06-08 04:52:51.224671
PER,Peru,NY.GNP.PCAP.CD,"GNI per capita, Atlas method (current US$)",2020,6080.0,2026-06-08 04:52:51.224671
PER,Peru,NY.GNP.PCAP.CD,"GNI per capita, Atlas method (current US$)",2021,6550.0,2026-06-08 04:52:51.224671
PER,Peru,NY.GNP.PCAP.CD,"GNI per capita, Atlas method (current US$)",2022,6920.0,2026-06-08 04:52:51.224671
PER,Peru,NY.GNP.PCAP.CD,"GNI per capita, Atlas method (current US$)",2023,7080.0,2026-06-08 04:52:51.224671
PER,Peru,SL.UEM.TOTL.ZS,"Unemployment, total (% of total labor force) (modeled ILO estimate)",2000,4.959,2026-06-08 04:52:51.224671
PER,Peru,SL.UEM.TOTL.ZS,"Unemployment, total (% of total labor force) (modeled ILO estimate)",2001,5.068,2026-06-08 04:52:51.224671
PER,Peru,SL.UEM.TOTL.ZS,"Unemployment, total (% of total labor force) (modeled ILO estimate)",2002,4.84,2026-06-08 04:52:51.224671
PER,Peru,SL.UEM.TOTL.ZS,"Unemployment, total (% of total labor force) (modeled ILO estimate)",2003,4.15,2026-06-08 04:52:51.224671
PER,Peru,SL.UEM.TOTL.ZS,"Unemployment, total (% of total labor force) (modeled ILO estimate)",2004,4.71,2026-06-08 04:52:51.224671
PER,Peru,SL.UEM.TOTL.ZS,"Unemployment, total (% of total labor force) (modeled ILO estimate)",2005,4.87,2026-06-08 04:52:51.224671
PER,Peru,SL.UEM.TOTL.ZS,"Unemployment, total (% of total labor force) (modeled ILO estimate)",2006,4.17,2026-06-08 04:52:51.224671
PER,Peru,SL.UEM.TOTL.ZS,"Unemployment, total (% of total labor force) (modeled ILO estimate)",2007,4.08,2026-06-08 04:52:51.224671
PER,Peru,SL.UEM.TOTL.ZS,"Unemployment, total (% of total labor force) (modeled ILO estimate)",2008,4.03,2026-06-08 04:52:51.224671
PER,Peru,SL.UEM.TOTL.ZS,"Unemployment, total (% of total labor force) (modeled ILO estimate)",2009,3.96,2026-06-08 04:52:51.224671
PER,Peru,SL.UEM.TOTL.ZS,"Unemployment, total (% of total labor force) (modeled ILO estimate)",2010,3.6,2026-06-08 04:52:51.224671
PER,Peru,SL.UEM.TOTL.ZS,"Unemployment, total (% of total labor force) (modeled ILO estimate)",2011,3.477,2026-06-08 04:52:51.224671
PER,Peru,SL.UEM.TOTL.ZS,"Unemployment, total (% of total labor force) (modeled ILO estimate)",2012,3.238,2026-06-08 04:52:51.224671
PER,Peru,SL.UEM.TOTL.ZS,"Unemployment, total (% of total labor force) (modeled ILO estimate)",2013,3.575,2026-06-08 04:52:51.224671
PER,Peru,SL.UEM.TOTL.ZS,"Unemployment, total (% of total labor force) (modeled ILO estimate)",2014,3.208,2026-06-08 04:52:51.224671
PER,Peru,SL.UEM.TOTL.ZS,"Unemployment, total (% of total labor force) (modeled ILO estimate)",2015,3.272,2026-06-08 04:52:51.224671
PER,Peru,SL.UEM.TOTL.ZS,"Unemployment, total (% of total labor force) (modeled ILO estimate)",2016,3.741,2026-06-08 04:52:51.224671
PER,Peru,SL.UEM.TOTL.ZS,"Unemployment, total (% of total labor force) (modeled ILO estimate)",2017,3.691,2026-06-08 04:52:51.224671
PER,Peru,SL.UEM.TOTL.ZS,"Unemployment, total (% of total labor force) (modeled ILO estimate)",2018,3.492,2026-06-08 04:52:51.224671
PER,Peru,SL.UEM.TOTL.ZS,"Unemployment, total (% of total labor force) (modeled ILO estimate)",2019,3.379,2026-06-08 04:52:51.224671
PER,Peru,SL.UEM.TOTL.ZS,"Unemployment, total (% of total labor force) (modeled ILO estimate)",2020,7.179,2026-06-08 04:52:51.224671
PER,Peru,SL.UEM.TOTL.ZS,"Unemployment, total (% of total labor force) (modeled ILO estimate)",2021,5.097,2026-06-08 04:52:51.224671
PER,Peru,SL.UEM.TOTL.ZS,"Unemployment, total (% of total labor force) (modeled ILO estimate)",2022,4.291,2026-06-08 04:52:51.224671
PER,Peru,SL.UEM.TOTL.ZS,"Unemployment, total (% of total labor force) (modeled ILO estimate)",2023,4.899,2026-06-08 04:52:51.224671
